timestamp,glucose_mg_dl
2024-01-01 06:00:00,108.73294631797431
2024-01-01 06:05:00,115.46072981847351
2024-01-01 06:10:00,69.39819704323989
2024-01-01 06:15:00,107.26273431041852
2024-01-01 06:20:00,104.74408380915867
2024-01-01 06:25:00,107.06126216905507
2024-01-01 06:30:00,103.9470407449517
2024-01-01 06:35:00,110.53421147888933
2024-01-01 06:40:00,109.24400232007923
2024-01-01 06:45:00,111.64181176292809
2024-01-01 06:50:00,114.35342132906801
2024-01-01 06:55:00,108.91611880535464
2024-01-01 07:00:00,107.98255887429332
2024-01-01 07:05:00,119.13754525595182
2024-01-01 07:10:00,111.99103800356073
2024-01-01 07:15:00,103.23194667365912
2024-01-01 07:20:00,112.25008913673717
2024-01-01 07:25:00,108.14218203852093
2024-01-01 07:30:00,110.48118486591069
2024-01-01 07:35:00,66.30922856909669
2024-01-01 07:40:00,114.05365805195173
2024-01-01 07:45:00,107.39392782600109
2024-01-01 07:50:00,110.2826343482595
2024-01-01 07:55:00,104.19871017974593
2024-01-01 08:00:00,142.55927499144778
2024-01-01 08:05:00,138.7879127862799
2024-01-01 08:10:00,144.0054122617469
2024-01-01 08:15:00,137.22621730494618
2024-01-01 08:20:00,52.15782853986609
2024-01-01 08:25:00,62.72820822527561
2024-01-01 08:30:00,141.86406597443815
2024-01-01 08:35:00,141.40097743466208
2024-01-01 08:40:00,138.29507077445757
2024-01-01 08:45:00,142.8170575643832
2024-01-01 08:50:00,143.27038414896407
2024-01-01 08:55:00,137.61290737245199
2024-01-01 09:00:00,141.67160922780224
2024-01-01 09:05:00,139.30646551315948
2024-01-01 09:10:00,138.3415565274296
2024-01-01 09:15:00,140.88958114711158
2024-01-01 09:20:00,142.32576259904334
2024-01-01 09:25:00,136.08291594305425
2024-01-01 09:30:00,138.90686752345528
2024-01-01 09:35:00,140.51992009743861
2024-01-01 09:40:00,140.65750147853956
2024-01-01 09:45:00,144.54144472709035
2024-01-01 09:50:00,142.54839147009864
2024-01-01 09:55:00,147.7450810650305
2024-01-01 10:00:00,141.7826228606192
2024-01-01 10:05:00,138.6888757678267
2024-01-01 10:10:00,138.92167080098264
2024-01-01 10:15:00,139.29616986445333
2024-01-01 10:20:00,140.75828430133427
2024-01-01 10:25:00,137.46730886671048
2024-01-01 10:30:00,140.9548753440655
2024-01-01 10:35:00,144.37634813205554
2024-01-01 10:40:00,138.73341793305568
2024-01-01 10:45:00,142.86523420382878
2024-01-01 10:50:00,139.9973551603803
2024-01-01 10:55:00,141.5403303291827
2024-01-01 11:00:00,142.99478083672767
2024-01-01 11:05:00,52.02943085732064
2024-01-01 11:10:00,145.15304778502485
2024-01-01 11:15:00,138.60551034387584
2024-01-01 11:20:00,139.85514420295968
2024-01-01 11:25:00,143.67057924299894
2024-01-01 11:30:00,137.24801527492178
2024-01-01 11:35:00,141.03856357180035
2024-01-01 11:40:00,144.38660601522776
2024-01-01 11:45:00,137.08360049735248
2024-01-01 11:50:00,139.30563224960733
2024-01-01 11:55:00,141.97275767607988
2024-01-01 12:00:00,143.76187088980558
2024-01-01 12:05:00,146.60901080867018
2024-01-01 12:10:00,151.50231399088887
2024-01-01 12:15:00,148.03509677171917
2024-01-01 12:20:00,146.68750654340013
2024-01-01 12:25:00,154.94348994761413
2024-01-01 12:30:00,144.43118614434044
2024-01-01 12:35:00,151.38052071268203
2024-01-01 12:40:00,162.58828984457625
2024-01-01 12:45:00,155.62637048745648
2024-01-01 12:50:00,151.64636917219912
2024-01-01 12:55:00,147.76225884273057
2024-01-01 13:00:00,59.3119603626492
2024-01-01 13:05:00,146.53437276718006
2024-01-01 13:10:00,50.74696377498429
2024-01-01 13:15:00,147.20930771055737
2024-01-01 13:20:00,150.6081858282841
2024-01-01 13:25:00,160.30831318974654
2024-01-01 13:30:00,146.50907777099306
2024-01-01 13:35:00,144.10360543429002
2024-01-01 13:40:00,153.60724014047128
2024-01-01 13:45:00,148.3779650981675
2024-01-01 13:50:00,154.74585361344506
2024-01-01 13:55:00,155.7086454903593
2024-01-01 14:00:00,115.50855784949322
2024-01-01 14:05:00,125.14123311900357
2024-01-01 14:10:00,110.44430239585898
2024-01-01 14:15:00,112.10949833210438
2024-01-01 14:20:00,119.5121327584643
2024-01-01 14:25:00,127.16100858996467
2024-01-01 14:30:00,119.42329312069391
2024-01-01 14:35:00,119.77777476968839
2024-01-01 14:40:00,122.21342671406563
2024-01-01 14:45:00,125.1036855693061
2024-01-01 14:50:00,121.46138142938256
2024-01-01 14:55:00,119.64992925175244
2024-01-01 15:00:00,121.37007677717465
2024-01-01 15:05:00,126.2616729300805
2024-01-01 15:10:00,123.51461076344876
2024-01-01 15:15:00,118.9730901471477
2024-01-01 15:20:00,120.31017896199805
2024-01-01 15:25:00,122.1474064968779
2024-01-01 15:30:00,122.86096814950713
2024-01-01 15:35:00,119.9690384623748
2024-01-01 15:40:00,122.67396913920693
2024-01-01 15:45:00,122.08347453746406
2024-01-01 15:50:00,68.10763952838528
2024-01-01 15:55:00,120.25790354187383
2024-01-01 16:00:00,127.02031652732069
2024-01-01 16:05:00,114.3453993986374
2024-01-01 16:10:00,123.54252496945558
2024-01-01 16:15:00,117.28374333984867
2024-01-01 16:20:00,121.13125905243959
2024-01-01 16:25:00,117.384848081456
2024-01-01 16:30:00,125.3013250472508
2024-01-01 16:35:00,118.96910361610405
2024-01-01 16:40:00,123.7358431795205
2024-01-01 16:45:00,112.88143999387569
2024-01-01 16:50:00,122.75187921213568
2024-01-01 16:55:00,125.04788378204466
2024-01-01 17:00:00,119.38166302887649
2024-01-01 17:05:00,118.16374429001921
2024-01-01 17:10:00,121.25199198599604
2024-01-01 17:15:00,120.17662656776471
2024-01-01 17:20:00,123.08981824811315
2024-01-01 17:25:00,117.87632284553126
2024-01-01 17:30:00,125.77020265028419
2024-01-01 17:35:00,122.00432222635897
2024-01-01 17:40:00,122.70706350818429
2024-01-01 17:45:00,116.52237837930637
2024-01-01 17:50:00,116.6348068330479
2024-01-01 17:55:00,126.31202446920199
2024-01-01 18:00:00,104.05426648069322
2024-01-01 18:05:00,102.85390988352178
2024-01-01 18:10:00,99.00611420145455
2024-01-01 18:15:00,100.63534806431448
2024-01-01 18:20:00,101.3874394206868
2024-01-01 18:25:00,95.01301961354994
2024-01-01 18:30:00,101.42582348899431
2024-01-01 18:35:00,100.1514291807306
2024-01-01 18:40:00,94.57658216595468
2024-01-01 18:45:00,101.78390776560005
2024-01-01 18:50:00,106.7450066189755
2024-01-01 18:55:00,98.41916841428952
2024-01-01 19:00:00,104.88351150062671
2024-01-01 19:05:00,109.38751837709358
2024-01-01 19:10:00,97.15195019168884
2024-01-01 19:15:00,65.10274511347238
2024-01-01 19:20:00,100.12830745883511
2024-01-01 19:25:00,100.8712701684143
2024-01-01 19:30:00,101.61381309849877
2024-01-01 19:35:00,103.02990793050691
2024-01-01 19:40:00,96.42659202459984
2024-01-01 19:45:00,101.19695970190898
2024-01-01 19:50:00,99.40007864548042
2024-01-01 19:55:00,99.26051601507567
2024-01-01 20:00:00,102.74006876695738
2024-01-01 20:05:00,97.67961901471287
2024-01-01 20:10:00,53.37870126144329
2024-01-01 20:15:00,96.68021231283277
2024-01-01 20:20:00,93.2665405359262
2024-01-01 20:25:00,99.24248871621751
2024-01-01 20:30:00,99.84161736159436
2024-01-01 20:35:00,97.2115429828449
2024-01-01 20:40:00,103.81611069294962
2024-01-01 20:45:00,102.54282730833343
2024-01-01 20:50:00,55.048738886880415
2024-01-01 20:55:00,102.96311058804892
2024-01-01 21:00:00,96.87754349523719
2024-01-01 21:05:00,95.66536265468035
2024-01-01 21:10:00,95.46221022067176
2024-01-01 21:15:00,103.16813783217543
2024-01-01 21:20:00,104.42388713403683
2024-01-01 21:25:00,107.79225688504667
2024-01-01 21:30:00,97.35449165709628
2024-01-01 21:35:00,98.86251600182143
2024-01-01 21:40:00,98.89177256243343
2024-01-01 21:45:00,97.20580140357406
2024-01-01 21:50:00,96.22323984248281
2024-01-01 21:55:00,97.04840756134108
2024-01-01 22:00:00,96.79941292014239
2024-01-01 22:05:00,101.29538097893537
2024-01-01 22:10:00,98.0691686408531
2024-01-01 22:15:00,108.94547744567654
2024-01-01 22:20:00,100.38654848788778
2024-01-01 22:25:00,92.3366501661943
2024-01-01 22:30:00,97.80649512812974
2024-01-01 22:35:00,98.52494453993002
2024-01-01 22:40:00,98.83852379834492
2024-01-01 22:45:00,101.07681592611331
2024-01-01 22:50:00,105.38431421780426
2024-01-01 22:55:00,93.36162641621333
2024-01-01 23:00:00,98.93033618659516
2024-01-01 23:05:00,105.7164904439831
2024-01-01 23:10:00,99.439574425783
2024-01-01 23:15:00,98.4058719155003
2024-01-01 23:20:00,106.80575210972914
2024-01-01 23:25:00,102.30244417562915
2024-01-01 23:30:00,92.89949199689207
2024-01-01 23:35:00,99.57255119460693
2024-01-01 23:40:00,99.99655316110173
2024-01-01 23:45:00,102.0716829772986
2024-01-01 23:50:00,100.4740896380611
2024-01-01 23:55:00,104.7607373983674
2024-01-02 00:00:00,91.10839426901799
2024-01-02 00:05:00,85.36621480763039
2024-01-02 00:10:00,88.71016013414344
2024-01-02 00:15:00,91.7923625862099
2024-01-02 00:20:00,86.52395898206633
2024-01-02 00:25:00,87.48724679506003
2024-01-02 00:30:00,95.80612541662617
2024-01-02 00:35:00,87.57845680389757
2024-01-02 00:40:00,90.93069243665899
2024-01-02 00:45:00,98.2917764338065
2024-01-02 00:50:00,92.39608946090587
2024-01-02 00:55:00,91.7600720699063
2024-01-02 01:00:00,97.800309131415
2024-01-02 01:05:00,90.66805303154942
2024-01-02 01:10:00,87.6434295991839
2024-01-02 01:15:00,96.64924020479835
2024-01-02 01:20:00,88.40334099299977
2024-01-02 01:25:00,84.74228085612616
2024-01-02 01:30:00,83.53484188432705
2024-01-02 01:35:00,86.21226447006335
2024-01-02 01:40:00,88.69034316258511
2024-01-02 01:45:00,91.13723654012837
2024-01-02 01:50:00,97.07760727853396
2024-01-02 01:55:00,63.27074744033421
2024-01-02 02:00:00,87.90817188420039
2024-01-02 02:05:00,95.32437490854318
2024-01-02 02:10:00,90.45775399577137
2024-01-02 02:15:00,87.21209916251836
2024-01-02 02:20:00,59.44133890219999
2024-01-02 02:25:00,84.79911046693245
2024-01-02 02:30:00,86.27199968777082
2024-01-02 02:35:00,89.81522072321985
2024-01-02 02:40:00,84.85152654779174
2024-01-02 02:45:00,89.06744858879496
2024-01-02 02:50:00,95.6860220712774
2024-01-02 02:55:00,54.43944323865899
2024-01-02 03:00:00,89.80645611731305
2024-01-02 03:05:00,89.69473967273326
2024-01-02 03:10:00,88.80648649254351
2024-01-02 03:15:00,92.75605707845459
2024-01-02 03:20:00,85.87346631709505
2024-01-02 03:25:00,86.89892531532833
2024-01-02 03:30:00,85.06808131093722
2024-01-02 03:35:00,88.70477150698912
2024-01-02 03:40:00,85.9837564119366
2024-01-02 03:45:00,90.13189559879406
2024-01-02 03:50:00,91.85077062843575
2024-01-02 03:55:00,89.10193870440908
2024-01-02 04:00:00,96.32725093010747
2024-01-02 04:05:00,89.78978086719785
2024-01-02 04:10:00,87.72555750724752
2024-01-02 04:15:00,87.45657217735027
2024-01-02 04:20:00,96.16392283065906
2024-01-02 04:25:00,93.46013242046429
2024-01-02 04:30:00,89.52337338562023
2024-01-02 04:35:00,82.4795206371296
2024-01-02 04:40:00,89.8996489160952
2024-01-02 04:45:00,84.55698110347144
2024-01-02 04:50:00,90.03129047280746
2024-01-02 04:55:00,95.99834841684829
2024-01-02 05:00:00,90.72775200354234
2024-01-02 05:05:00,89.21475379146054
2024-01-02 05:10:00,89.58225214822959
2024-01-02 05:15:00,95.2424249259126
2024-01-02 05:20:00,85.68295128409672
2024-01-02 05:25:00,94.18247882699123
2024-01-02 05:30:00,89.90667175010717
2024-01-02 05:35:00,91.71314943445194
2024-01-02 05:40:00,92.48795436271462
2024-01-02 05:45:00,94.36192307252595
2024-01-02 05:50:00,90.99133628430751
2024-01-02 05:55:00,91.4822994997545
2024-01-02 06:00:00,112.03851243201508
2024-01-02 06:05:00,63.9484053449368
2024-01-02 06:10:00,111.96539178440456
2024-01-02 06:15:00,111.72865187289905
2024-01-02 06:20:00,108.80541568776684
2024-01-02 06:25:00,111.74881073926021
2024-01-02 06:30:00,108.30706353685476
2024-01-02 06:35:00,111.82946804474595
2024-01-02 06:40:00,113.20299291860883
2024-01-02 06:45:00,111.56785081978214
2024-01-02 06:50:00,113.19346542035599
2024-01-02 06:55:00,112.78124091070573
2024-01-02 07:00:00,113.46914838855156
2024-01-02 07:05:00,110.63571257119904
2024-01-02 07:10:00,104.55514313847885
2024-01-02 07:15:00,102.51045590284575
2024-01-02 07:20:00,111.32667826427664
2024-01-02 07:25:00,112.62775477017237
2024-01-02 07:30:00,111.81025820845056
2024-01-02 07:35:00,107.08196821690602
2024-01-02 07:40:00,107.08728758966971
2024-01-02 07:45:00,108.50371722047117
2024-01-02 07:50:00,111.12876961473128
2024-01-02 07:55:00,109.55757922600364
2024-01-02 08:00:00,135.8586136967109
2024-01-02 08:05:00,138.81387332514475
2024-01-02 08:10:00,137.61131793922326
2024-01-02 08:15:00,144.3378271672951
2024-01-02 08:20:00,137.25121381139652
2024-01-02 08:25:00,138.91615029890238
2024-01-02 08:30:00,139.63614125684435
2024-01-02 08:35:00,130.4277126160493
2024-01-02 08:40:00,142.15360374617077
2024-01-02 08:45:00,138.1088531226145
2024-01-02 08:50:00,144.50742040313335
2024-01-02 08:55:00,142.95625622768418
2024-01-02 09:00:00,145.6412361505153
2024-01-02 09:05:00,140.14330367242488
2024-01-02 09:10:00,140.10590489866627
2024-01-02 09:15:00,140.10578591052382
2024-01-02 09:20:00,143.89284523369153
2024-01-02 09:25:00,55.74076266349826
2024-01-02 09:30:00,140.31915264123754
2024-01-02 09:35:00,147.78073253219853
2024-01-02 09:40:00,139.3290218213932
2024-01-02 09:45:00,140.6464735125371
2024-01-02 09:50:00,141.5766287049133
2024-01-02 09:55:00,139.06771760148635
2024-01-02 10:00:00,139.27512708122828
2024-01-02 10:05:00,140.01379193065037
2024-01-02 10:10:00,133.6322024641255
2024-01-02 10:15:00,144.53307215493538
2024-01-02 10:20:00,137.00704027905613
2024-01-02 10:25:00,140.08260370763665
2024-01-02 10:30:00,146.17533785293034
2024-01-02 10:35:00,141.0028747645792
2024-01-02 10:40:00,142.525891298503
2024-01-02 10:45:00,140.63884631525707
2024-01-02 10:50:00,136.5708928958396
2024-01-02 10:55:00,63.0333365075177
2024-01-02 11:00:00,143.18758513797926
2024-01-02 11:05:00,139.849169408005
2024-01-02 11:10:00,142.48266024051634
2024-01-02 11:15:00,139.08099973364085
2024-01-02 11:20:00,68.41695695631374
2024-01-02 11:25:00,144.14088025777397
2024-01-02 11:30:00,138.4777573259845
2024-01-02 11:35:00,135.62735879235717
2024-01-02 11:40:00,138.5112938926159
2024-01-02 11:45:00,133.43901094073385
2024-01-02 11:50:00,51.44893775589118
2024-01-02 11:55:00,143.45696039052348
2024-01-02 12:00:00,152.84797300265654
2024-01-02 12:05:00,148.238631886885
2024-01-02 12:10:00,146.51770085424124
2024-01-02 12:15:00,156.394652828604
2024-01-02 12:20:00,56.52922616487984
2024-01-02 12:25:00,147.45969249096544
2024-01-02 12:30:00,51.571569943100414
2024-01-02 12:35:00,147.20292223774496
2024-01-02 12:40:00,150.57539036450288
2024-01-02 12:45:00,148.15538517787797
2024-01-02 12:50:00,148.1784504067236
2024-01-02 12:55:00,152.8308615438392
2024-01-02 13:00:00,150.49339979595698
2024-01-02 13:05:00,153.07950314542742
2024-01-02 13:10:00,152.08295829098182
2024-01-02 13:15:00,149.87460495462778
2024-01-02 13:20:00,147.24550649060814
2024-01-02 13:25:00,146.348952793621
2024-01-02 13:30:00,156.37810189131363
2024-01-02 13:35:00,150.39355046584052
2024-01-02 13:40:00,150.4361009364912
2024-01-02 13:45:00,149.6302734787529
2024-01-02 13:50:00,55.15365777022427
2024-01-02 13:55:00,152.7400340643188
2024-01-02 14:00:00,113.56653470527509
2024-01-02 14:05:00,123.59019854495641
2024-01-02 14:10:00,125.13170378802528
2024-01-02 14:15:00,122.30572521257838
2024-01-02 14:20:00,122.138820296812
2024-01-02 14:25:00,127.09335476189415
2024-01-02 14:30:00,118.74642016773753
2024-01-02 14:35:00,116.884519588495
2024-01-02 14:40:00,119.77313031823141
2024-01-02 14:45:00,119.97535731293054
2024-01-02 14:50:00,116.23674660193569
2024-01-02 14:55:00,115.91610843331532
2024-01-02 15:00:00,117.87728807232307
2024-01-02 15:05:00,120.10410924256837
2024-01-02 15:10:00,116.07101478752078
2024-01-02 15:15:00,116.3046671095548
2024-01-02 15:20:00,123.18255987896765
2024-01-02 15:25:00,125.55218480760911
2024-01-02 15:30:00,125.36166076463071
2024-01-02 15:35:00,122.05399584603632
2024-01-02 15:40:00,120.53256163694847
2024-01-02 15:45:00,119.74513077164234
2024-01-02 15:50:00,116.6333034608641
2024-01-02 15:55:00,114.16266832703586
2024-01-02 16:00:00,52.966864019241775
2024-01-02 16:05:00,121.63628986270653
2024-01-02 16:10:00,113.30725408513823
2024-01-02 16:15:00,119.4679025419872
2024-01-02 16:20:00,56.15859883182382
2024-01-02 16:25:00,118.06530112060416
2024-01-02 16:30:00,118.6009976931546
2024-01-02 16:35:00,120.27093381801248
2024-01-02 16:40:00,125.94844653040315
2024-01-02 16:45:00,123.55416128145276
2024-01-02 16:50:00,68.61897391013956
2024-01-02 16:55:00,119.85190286647176
2024-01-02 17:00:00,119.82782688554613
2024-01-02 17:05:00,121.25314501616268
2024-01-02 17:10:00,124.58802544265923
2024-01-02 17:15:00,113.82926245213841
2024-01-02 17:20:00,123.29831836663242
2024-01-02 17:25:00,121.79531328188537
2024-01-02 17:30:00,119.70059349417667
2024-01-02 17:35:00,112.51273268636308
2024-01-02 17:40:00,111.55704496027624
2024-01-02 17:45:00,115.6107874636976
2024-01-02 17:50:00,126.31348158830063
2024-01-02 17:55:00,113.45283155283475
2024-01-02 18:00:00,101.87401628802508
2024-01-02 18:05:00,56.824956552523126
2024-01-02 18:10:00,97.41855975748706
2024-01-02 18:15:00,104.46027299717811
2024-01-02 18:20:00,100.67088221310068
2024-01-02 18:25:00,97.65004559166631
2024-01-02 18:30:00,95.30603764159898
2024-01-02 18:35:00,104.53579516134076
2024-01-02 18:40:00,105.34828469271174
2024-01-02 18:45:00,97.36112576293232
2024-01-02 18:50:00,99.71471268610009
2024-01-02 18:55:00,99.75661051452518
2024-01-02 19:00:00,102.5693969056907
2024-01-02 19:05:00,98.96223238192006
2024-01-02 19:10:00,103.56422144898177
2024-01-02 19:15:00,96.60731387173365
2024-01-02 19:20:00,101.39612739844335
2024-01-02 19:25:00,95.4335579358297
2024-01-02 19:30:00,99.92445878182279
2024-01-02 19:35:00,99.49000123818367
2024-01-02 19:40:00,100.7319284260088
2024-01-02 19:45:00,102.50895105421868
2024-01-02 19:50:00,107.31935856214942
2024-01-02 19:55:00,94.7756074912471
2024-01-02 20:00:00,100.62251559584914
2024-01-02 20:05:00,103.31000128039274
2024-01-02 20:10:00,105.26491531637427
2024-01-02 20:15:00,106.02315602775616
2024-01-02 20:20:00,95.66454556004501
2024-01-02 20:25:00,97.75824724334252
2024-01-02 20:30:00,100.86048259350488
2024-01-02 20:35:00,103.16234734925568
2024-01-02 20:40:00,93.95438918243705
2024-01-02 20:45:00,104.60220180177353
2024-01-02 20:50:00,98.15020559146974
2024-01-02 20:55:00,98.31549120565464
2024-01-02 21:00:00,98.4139123927357
2024-01-02 21:05:00,102.23721964045178
2024-01-02 21:10:00,94.71074971872164
2024-01-02 21:15:00,102.85134614087809
2024-01-02 21:20:00,99.17766977980894
2024-01-02 21:25:00,99.80967230042293
2024-01-02 21:30:00,95.18957301816909
2024-01-02 21:35:00,97.85156323453104
2024-01-02 21:40:00,100.9171272644563
2024-01-02 21:45:00,102.50333050027514
2024-01-02 21:50:00,100.62223308487613
2024-01-02 21:55:00,99.86698975752171
2024-01-02 22:00:00,102.93566435235678
2024-01-02 22:05:00,97.38284500813064
2024-01-02 22:10:00,101.86605371405355
2024-01-02 22:15:00,103.59588583030302
2024-01-02 22:20:00,104.02933441853789
2024-01-02 22:25:00,96.08519654263628
2024-01-02 22:30:00,96.27963439530592
2024-01-02 22:35:00,101.70237811286441
2024-01-02 22:40:00,94.45559362143425
2024-01-02 22:45:00,97.68906654519765
2024-01-02 22:50:00,97.23272956000169
2024-01-02 22:55:00,104.04529266868944
2024-01-02 23:00:00,97.63990847624976
2024-01-02 23:05:00,97.86578561345374
2024-01-02 23:10:00,97.845178383468
2024-01-02 23:15:00,104.44581516385172
2024-01-02 23:20:00,107.86510017658384
2024-01-02 23:25:00,96.59194639749111
2024-01-02 23:30:00,101.46566852913831
2024-01-02 23:35:00,91.07385232211183
2024-01-02 23:40:00,55.19626417490068
2024-01-02 23:45:00,96.86179697582182
2024-01-02 23:50:00,101.70725480045728
2024-01-02 23:55:00,102.2613598332605
2024-01-03 00:00:00,87.14558704376054
2024-01-03 00:05:00,89.74771942738224
2024-01-03 00:10:00,82.41551352050706
2024-01-03 00:15:00,91.19106137184325
2024-01-03 00:20:00,91.7815685848684
2024-01-03 00:25:00,85.58155777796621
2024-01-03 00:30:00,92.49747165752099
2024-01-03 00:35:00,92.95158509429777
2024-01-03 00:40:00,87.80375468709299
2024-01-03 00:45:00,95.34367921185094
2024-01-03 00:50:00,89.8233978149705
2024-01-03 00:55:00,92.29144850811785
2024-01-03 01:00:00,90.43014497897465
2024-01-03 01:05:00,87.78902022184907
2024-01-03 01:10:00,94.5282682413212
2024-01-03 01:15:00,95.14773886052156
2024-01-03 01:20:00,88.60214127295059
2024-01-03 01:25:00,94.9572561359883
2024-01-03 01:30:00,91.49648392348342
2024-01-03 01:35:00,98.30905210521924
2024-01-03 01:40:00,94.29411417002866
2024-01-03 01:45:00,90.48253120586685
2024-01-03 01:50:00,82.01131184382993
2024-01-03 01:55:00,91.60198312141486
2024-01-03 02:00:00,88.7270528531617
2024-01-03 02:05:00,90.05789430081524
2024-01-03 02:10:00,90.51349642389206
2024-01-03 02:15:00,92.00733431962497
2024-01-03 02:20:00,94.8461841097908
2024-01-03 02:25:00,90.7434843141764
2024-01-03 02:30:00,88.8453052221298
2024-01-03 02:35:00,85.58514926111721
2024-01-03 02:40:00,95.72431085910365
2024-01-03 02:45:00,86.43693542122499
2024-01-03 02:50:00,92.65015839685739
2024-01-03 02:55:00,90.18951359990076
2024-01-03 03:00:00,87.03039212280004
2024-01-03 03:05:00,86.31980178547599
2024-01-03 03:10:00,88.94204188059005
2024-01-03 03:15:00,94.92039806446064
2024-01-03 03:20:00,65.21981520056188
2024-01-03 03:25:00,64.91467565462465
2024-01-03 03:30:00,91.01670103450552
2024-01-03 03:35:00,86.63058940978487
2024-01-03 03:40:00,92.25501914562301
2024-01-03 03:45:00,90.97388888026144
2024-01-03 03:50:00,90.73643968114136
2024-01-03 03:55:00,87.8549466153594
2024-01-03 04:00:00,89.42515871227633
2024-01-03 04:05:00,99.382475132741
2024-01-03 04:10:00,93.82570589922646
2024-01-03 04:15:00,93.92314026737843
2024-01-03 04:20:00,88.29994660696832
2024-01-03 04:25:00,93.9417549558062
2024-01-03 04:30:00,87.13564339389383
2024-01-03 04:35:00,87.90775010451642
2024-01-03 04:40:00,94.9193345401486
2024-01-03 04:45:00,92.10996987100414
2024-01-03 04:50:00,94.18836050145654
2024-01-03 04:55:00,91.38214701686778
2024-01-03 05:00:00,98.3989031966858
2024-01-03 05:05:00,83.6549394235241
2024-01-03 05:10:00,50.483835277827104
2024-01-03 05:15:00,84.97645439713385
2024-01-03 05:20:00,91.48109226901875
2024-01-03 05:25:00,89.4290976941537
2024-01-03 05:30:00,87.62224151023588
2024-01-03 05:35:00,95.26172497990795
2024-01-03 05:40:00,94.13468153220298
2024-01-03 05:45:00,88.90860482108182
2024-01-03 05:50:00,91.07148084610247
2024-01-03 05:55:00,89.1886705965092
2024-01-03 06:00:00,110.04670562297753
2024-01-03 06:05:00,109.41763240042548
2024-01-03 06:10:00,108.90578532080332
2024-01-03 06:15:00,107.80365566853727
2024-01-03 06:20:00,110.75614792935885
2024-01-03 06:25:00,105.28775025418803
2024-01-03 06:30:00,109.48036751757226
2024-01-03 06:35:00,110.8259355179746
2024-01-03 06:40:00,107.4373658182286
2024-01-03 06:45:00,106.10005953536077
2024-01-03 06:50:00,120.02454950852784
2024-01-03 06:55:00,112.93694982245059
2024-01-03 07:00:00,116.19347855211157
2024-01-03 07:05:00,99.09167052554497
2024-01-03 07:10:00,115.13326742979224
2024-01-03 07:15:00,117.41079493114549
2024-01-03 07:20:00,112.96549225423067
2024-01-03 07:25:00,106.31049562180017
2024-01-03 07:30:00,110.01877278496997
2024-01-03 07:35:00,109.8890980398532
2024-01-03 07:40:00,110.81329969438066
2024-01-03 07:45:00,111.53270796325592
2024-01-03 07:50:00,108.03691438811644
2024-01-03 07:55:00,112.59262193517918
2024-01-03 08:00:00,136.94041851507734
2024-01-03 08:05:00,146.98673974957902
2024-01-03 08:10:00,140.95531605372096
2024-01-03 08:15:00,138.43039566961633
2024-01-03 08:20:00,140.38434761717846
2024-01-03 08:25:00,138.11950394606092
2024-01-03 08:30:00,142.8786787022256
2024-01-03 08:35:00,140.92245109572346
2024-01-03 08:40:00,141.10675634069798
2024-01-03 08:45:00,141.19783260625778
2024-01-03 08:50:00,146.5944930595114
2024-01-03 08:55:00,142.5829014570305
2024-01-03 09:00:00,139.26470484703844
2024-01-03 09:05:00,142.13665529617367
2024-01-03 09:10:00,140.1785833645813
2024-01-03 09:15:00,144.28971455936312
2024-01-03 09:20:00,133.5268476733217
2024-01-03 09:25:00,133.93282424069952
2024-01-03 09:30:00,141.98134083235348
2024-01-03 09:35:00,143.32144075761323
2024-01-03 09:40:00,137.6373044698946
2024-01-03 09:45:00,142.26378997130487
2024-01-03 09:50:00,140.69466090982945
2024-01-03 09:55:00,140.73487336150046
2024-01-03 10:00:00,138.3746703185586
2024-01-03 10:05:00,139.67424437302174
2024-01-03 10:10:00,140.76866054389615
2024-01-03 10:15:00,137.70465555417425
2024-01-03 10:20:00,136.5053102815008
2024-01-03 10:25:00,141.56656104513664
2024-01-03 10:30:00,143.4496035193757
2024-01-03 10:35:00,140.0958643500014
2024-01-03 10:40:00,138.51778357758388
2024-01-03 10:45:00,141.85301784671316
2024-01-03 10:50:00,140.31553543669773
2024-01-03 10:55:00,138.65774378117965
2024-01-03 11:00:00,140.82133159720271
2024-01-03 11:05:00,140.24757156360042
2024-01-03 11:10:00,140.19705920913694
2024-01-03 11:15:00,146.24912565718805
2024-01-03 11:20:00,135.3407975654311
2024-01-03 11:25:00,134.6892263969697
2024-01-03 11:30:00,143.55403306600948
2024-01-03 11:35:00,139.28463639335504
2024-01-03 11:40:00,138.76493471094105
2024-01-03 11:45:00,143.6257392340509
2024-01-03 11:50:00,144.1855870561811
2024-01-03 11:55:00,143.4536777693844
2024-01-03 12:00:00,159.36916944358995
2024-01-03 12:05:00,143.19994994317577
2024-01-03 12:10:00,152.46163484649193
2024-01-03 12:15:00,157.16929987672944
2024-01-03 12:20:00,150.31977297640805
2024-01-03 12:25:00,146.97813523779152
2024-01-03 12:30:00,151.27848602224248
2024-01-03 12:35:00,155.17235801403717
2024-01-03 12:40:00,149.2358699438441
2024-01-03 12:45:00,148.6653514270442
2024-01-03 12:50:00,143.3560465666761
2024-01-03 12:55:00,149.2707271430068
2024-01-03 13:00:00,149.61073468919062
2024-01-03 13:05:00,54.38137618203716
2024-01-03 13:10:00,52.16051508261383
2024-01-03 13:15:00,154.65970035890777
2024-01-03 13:20:00,150.21323203873155
2024-01-03 13:25:00,148.1704852612589
2024-01-03 13:30:00,143.7204306145254
2024-01-03 13:35:00,153.62039893006215
2024-01-03 13:40:00,147.2430859783598
2024-01-03 13:45:00,141.64131281847165
2024-01-03 13:50:00,156.13801435774525
2024-01-03 13:55:00,149.47425693258978
2024-01-03 14:00:00,118.44541673384435
2024-01-03 14:05:00,116.78936202794247
2024-01-03 14:10:00,117.30306076248313
2024-01-03 14:15:00,119.9680417146917
2024-01-03 14:20:00,120.51892348017233
2024-01-03 14:25:00,122.05199898435312
2024-01-03 14:30:00,122.69026389485583
2024-01-03 14:35:00,119.85963582633744
2024-01-03 14:40:00,117.88234938839138
2024-01-03 14:45:00,119.30918944689347
2024-01-03 14:50:00,123.89926621900477
2024-01-03 14:55:00,52.46006590247491
2024-01-03 15:00:00,119.9328911370859
2024-01-03 15:05:00,123.47876155081441
2024-01-03 15:10:00,120.37018885731705
2024-01-03 15:15:00,123.76872808648754
2024-01-03 15:20:00,121.35835277487337
2024-01-03 15:25:00,114.28182366096131
2024-01-03 15:30:00,117.62120452164929
2024-01-03 15:35:00,122.47249538936829
2024-01-03 15:40:00,117.14382757216192
2024-01-03 15:45:00,116.7807215840011
2024-01-03 15:50:00,62.91644772572968
2024-01-03 15:55:00,118.2479983256098
2024-01-03 16:00:00,118.67038615916593
2024-01-03 16:05:00,115.75390947878147
2024-01-03 16:10:00,122.39648764314649
2024-01-03 16:15:00,119.00896449322333
2024-01-03 16:20:00,121.02351828272172
2024-01-03 16:25:00,50.619115818386874
2024-01-03 16:30:00,124.27834938617994
2024-01-03 16:35:00,120.50007913334923
2024-01-03 16:40:00,123.45517585176756
2024-01-03 16:45:00,112.46183587160249
2024-01-03 16:50:00,118.04097927149301
2024-01-03 16:55:00,123.8969865050177
2024-01-03 17:00:00,114.76986313249245
2024-01-03 17:05:00,114.8819726536428
2024-01-03 17:10:00,118.28513114760104
2024-01-03 17:15:00,116.33178043350102
2024-01-03 17:20:00,114.08141228886701
2024-01-03 17:25:00,123.28211843744478
2024-01-03 17:30:00,119.03099848080474
2024-01-03 17:35:00,118.23659410830224
2024-01-03 17:40:00,121.91055883828544
2024-01-03 17:45:00,120.11683802923471
2024-01-03 17:50:00,120.1343127715812
2024-01-03 17:55:00,116.23298958106152
2024-01-03 18:00:00,102.09791933077888
2024-01-03 18:05:00,94.5756594858738
2024-01-03 18:10:00,102.93199169142547
2024-01-03 18:15:00,104.62273754995375
2024-01-03 18:20:00,100.7468742233404
2024-01-03 18:25:00,105.30515599649759
2024-01-03 18:30:00,99.15150330842482
2024-01-03 18:35:00,101.7182470993611
2024-01-03 18:40:00,92.36594754056888
2024-01-03 18:45:00,103.18988404982267
2024-01-03 18:50:00,99.67540152572639
2024-01-03 18:55:00,100.69610756536554
2024-01-03 19:00:00,103.44550635104405
2024-01-03 19:05:00,103.17706008082604
2024-01-03 19:10:00,103.86369303989609
2024-01-03 19:15:00,102.51797415211617
2024-01-03 19:20:00,97.30133352781873
2024-01-03 19:25:00,91.82179151257309
2024-01-03 19:30:00,97.49127556908296
2024-01-03 19:35:00,101.88620390149053
2024-01-03 19:40:00,97.55114505751988
2024-01-03 19:45:00,99.8891171487188
2024-01-03 19:50:00,94.49670593556341
2024-01-03 19:55:00,99.85612260938633
2024-01-03 20:00:00,101.07747126754509
2024-01-03 20:05:00,96.52086387651256
2024-01-03 20:10:00,100.95199607440723
2024-01-03 20:15:00,99.29576548584457
2024-01-03 20:20:00,94.51252432261943
2024-01-03 20:25:00,99.26944971897215
2024-01-03 20:30:00,98.69360659416122
2024-01-03 20:35:00,104.58228983566174
2024-01-03 20:40:00,99.25794105723503
2024-01-03 20:45:00,96.24906607420819
2024-01-03 20:50:00,99.40888782023198
2024-01-03 20:55:00,98.79375687967318
2024-01-03 21:00:00,99.80978261855111
2024-01-03 21:05:00,101.65986343237167
2024-01-03 21:10:00,94.85048457388908
2024-01-03 21:15:00,100.06368193973842
2024-01-03 21:20:00,101.28968055913775
2024-01-03 21:25:00,105.81398020563807
2024-01-03 21:30:00,105.62414247892465
2024-01-03 21:35:00,53.33906177494397
2024-01-03 21:40:00,100.58812576551624
2024-01-03 21:45:00,100.76926230413966
2024-01-03 21:50:00,99.55255678012041
2024-01-03 21:55:00,98.37053965408376
2024-01-03 22:00:00,94.38563300717504
2024-01-03 22:05:00,95.23678902327435
2024-01-03 22:10:00,101.50996770106389
2024-01-03 22:15:00,97.8279149347445
2024-01-03 22:20:00,100.54933671449699
2024-01-03 22:25:00,99.34615144204295
2024-01-03 22:30:00,104.97937066274511
2024-01-03 22:35:00,102.54919507403324
2024-01-03 22:40:00,99.93991732350848
2024-01-03 22:45:00,98.42339327755474
2024-01-03 22:50:00,96.86935898489612
2024-01-03 22:55:00,96.55975204549442
2024-01-03 23:00:00,94.32829492276757
2024-01-03 23:05:00,99.1728067529064
2024-01-03 23:10:00,104.68476657237198
2024-01-03 23:15:00,103.58531980800629
2024-01-03 23:20:00,100.1013140432064
2024-01-03 23:25:00,104.85077304500953
2024-01-03 23:30:00,97.92300104404009
2024-01-03 23:35:00,101.07854292246633
2024-01-03 23:40:00,92.64414158454908
2024-01-03 23:45:00,94.8639240462394
2024-01-03 23:50:00,98.48640424896287
2024-01-03 23:55:00,100.73387569374798
2024-01-04 00:00:00,87.63849481233268
2024-01-04 00:05:00,88.29646194908342
2024-01-04 00:10:00,95.02552271382093
2024-01-04 00:15:00,94.41689061255737
2024-01-04 00:20:00,90.20565080222941
2024-01-04 00:25:00,90.93103540512504
2024-01-04 00:30:00,92.51990899881267
2024-01-04 00:35:00,94.59833036182428
2024-01-04 00:40:00,91.82944171386661
2024-01-04 00:45:00,94.06761197213928
2024-01-04 00:50:00,89.83014685589677
2024-01-04 00:55:00,90.17657728122997
2024-01-04 01:00:00,53.31499559640312
2024-01-04 01:05:00,92.00900564944536
2024-01-04 01:10:00,88.19026929447833
2024-01-04 01:15:00,89.03788400412382
2024-01-04 01:20:00,90.90921774463334
2024-01-04 01:25:00,86.100248577777
2024-01-04 01:30:00,87.55969701068288
2024-01-04 01:35:00,86.85491409343399
2024-01-04 01:40:00,89.37175815522376
2024-01-04 01:45:00,57.140586879400246
2024-01-04 01:50:00,87.44906484583562
2024-01-04 01:55:00,90.40839512614758
2024-01-04 02:00:00,87.07355891538458
2024-01-04 02:05:00,59.61780293206018
2024-01-04 02:10:00,87.34069427905209
2024-01-04 02:15:00,82.50198965882578
2024-01-04 02:20:00,89.28946116678954
2024-01-04 02:25:00,86.07410843225921
2024-01-04 02:30:00,89.76994849863802
2024-01-04 02:35:00,87.04518473878126
2024-01-04 02:40:00,50.72037636582853
2024-01-04 02:45:00,91.24488274501655
2024-01-04 02:50:00,92.86966344049299
2024-01-04 02:55:00,93.5474929625069
2024-01-04 03:00:00,90.68682246549623
2024-01-04 03:05:00,92.38670955421931
2024-01-04 03:10:00,78.86392748533564
2024-01-04 03:15:00,88.58610875904867
2024-01-04 03:20:00,90.59917761201578
2024-01-04 03:25:00,85.38841672713522
2024-01-04 03:30:00,91.9160484769538
2024-01-04 03:35:00,94.93795474833482
2024-01-04 03:40:00,93.37652803214357
2024-01-04 03:45:00,88.74707231867973
2024-01-04 03:50:00,83.70536845098923
2024-01-04 03:55:00,84.56803273561884
2024-01-04 04:00:00,94.89641339652238
2024-01-04 04:05:00,84.51569258541184
2024-01-04 04:10:00,93.46612300646112
2024-01-04 04:15:00,90.81216436043171
2024-01-04 04:20:00,87.75915609723242
2024-01-04 04:25:00,87.74583912020726
2024-01-04 04:30:00,89.25245820558222
2024-01-04 04:35:00,86.79165927979282
2024-01-04 04:40:00,94.35088192615719
2024-01-04 04:45:00,103.321090647584
2024-01-04 04:50:00,95.15048152673094
2024-01-04 04:55:00,91.95337078565699
2024-01-04 05:00:00,91.18452692840442
2024-01-04 05:05:00,85.58293379319285
2024-01-04 05:10:00,94.92909446050211
2024-01-04 05:15:00,91.99503292911945
2024-01-04 05:20:00,89.3041665917009
2024-01-04 05:25:00,89.19726834909744
2024-01-04 05:30:00,91.24380752614393
2024-01-04 05:35:00,93.50638137535927
2024-01-04 05:40:00,93.7582555582435
2024-01-04 05:45:00,89.40593316798285
2024-01-04 05:50:00,87.1675973631678
2024-01-04 05:55:00,86.45399779585382
2024-01-04 06:00:00,113.18272155518933
2024-01-04 06:05:00,107.26927151279936
2024-01-04 06:10:00,108.2202001153497
2024-01-04 06:15:00,103.88324612610525
2024-01-04 06:20:00,109.83017388354595
2024-01-04 06:25:00,103.80632320111657
2024-01-04 06:30:00,108.64556189981904
2024-01-04 06:35:00,111.82538466020821
2024-01-04 06:40:00,109.19197978953429
2024-01-04 06:45:00,109.95391119750211
2024-01-04 06:50:00,103.98049411321985
2024-01-04 06:55:00,107.79010798672297
2024-01-04 07:00:00,111.1871135117507
2024-01-04 07:05:00,103.51909169494658
2024-01-04 07:10:00,106.3546156913419
2024-01-04 07:15:00,105.14440825750488
2024-01-04 07:20:00,111.3629634647875
2024-01-04 07:25:00,108.09167449984731
2024-01-04 07:30:00,116.74043564625238
2024-01-04 07:35:00,108.17800324272534
2024-01-04 07:40:00,109.62822819456984
2024-01-04 07:45:00,112.84980886616394
2024-01-04 07:50:00,110.4005596376757
2024-01-04 07:55:00,115.60340539052622
2024-01-04 08:00:00,139.32003611471848
2024-01-04 08:05:00,140.95754183243037
2024-01-04 08:10:00,140.49059077669224
2024-01-04 08:15:00,139.429832924543
2024-01-04 08:20:00,141.20206328440753
2024-01-04 08:25:00,134.30674022330751
2024-01-04 08:30:00,139.77134783657684
2024-01-04 08:35:00,139.48459802552435
2024-01-04 08:40:00,142.42219132760957
2024-01-04 08:45:00,54.96752520739601
2024-01-04 08:50:00,135.67214954434615
2024-01-04 08:55:00,142.50761835776325
2024-01-04 09:00:00,139.55810701886605
2024-01-04 09:05:00,142.1733478738291
2024-01-04 09:10:00,142.37995779091133
2024-01-04 09:15:00,144.87805933552008
2024-01-04 09:20:00,138.58724129798566
2024-01-04 09:25:00,142.6070659364913
2024-01-04 09:30:00,134.28489412526872
2024-01-04 09:35:00,144.13748951983848
2024-01-04 09:40:00,139.40154426964833
2024-01-04 09:45:00,130.6626745689929
2024-01-04 09:50:00,141.47964938912224
2024-01-04 09:55:00,138.63150577074902
2024-01-04 10:00:00,143.3446503656069
2024-01-04 10:05:00,137.12444934344921
2024-01-04 10:10:00,142.6008976758101
2024-01-04 10:15:00,139.60122244140382
2024-01-04 10:20:00,135.35346735694753
2024-01-04 10:25:00,137.30889449728994
2024-01-04 10:30:00,142.6055265155709
2024-01-04 10:35:00,133.6188056898387
2024-01-04 10:40:00,136.98618143606865
2024-01-04 10:45:00,137.24164819729535
2024-01-04 10:50:00,143.29166666558214
2024-01-04 10:55:00,143.99391162865314
2024-01-04 11:00:00,138.1681207636783
2024-01-04 11:05:00,140.15741195672584
2024-01-04 11:10:00,144.70699677051667
2024-01-04 11:15:00,140.71285905419944
2024-01-04 11:20:00,138.6405175337838
2024-01-04 11:25:00,138.9643300311374
2024-01-04 11:30:00,135.5504429859787
2024-01-04 11:35:00,141.56020902236503
2024-01-04 11:40:00,131.18826022010694
2024-01-04 11:45:00,145.33750994663873
2024-01-04 11:50:00,134.7386310417577
2024-01-04 11:55:00,147.75536150352323
2024-01-04 12:00:00,148.9153020149038
2024-01-04 12:05:00,148.44877675864763
2024-01-04 12:10:00,151.0130405234411
2024-01-04 12:15:00,145.40914459020567
2024-01-04 12:20:00,65.85516227145625
2024-01-04 12:25:00,151.90568510473747
2024-01-04 12:30:00,150.3219056664106
2024-01-04 12:35:00,64.46887324709824
2024-01-04 12:40:00,151.9116885322175
2024-01-04 12:45:00,145.26775949160225
2024-01-04 12:50:00,146.7525636986155
2024-01-04 12:55:00,152.88990726290018
2024-01-04 13:00:00,151.1029713041079
2024-01-04 13:05:00,152.27068404562633
2024-01-04 13:10:00,149.42045048730782
2024-01-04 13:15:00,153.44897622228038
2024-01-04 13:20:00,148.10602892581466
2024-01-04 13:25:00,143.0786760025657
2024-01-04 13:30:00,142.17381249962637
2024-01-04 13:35:00,155.48281315168197
2024-01-04 13:40:00,54.35334799161072
2024-01-04 13:45:00,149.5774529864166
2024-01-04 13:50:00,155.07609577094158
2024-01-04 13:55:00,155.2820277756708
2024-01-04 14:00:00,123.37447594097013
2024-01-04 14:05:00,118.23626186139828
2024-01-04 14:10:00,120.14521456177516
2024-01-04 14:15:00,121.98270547608428
2024-01-04 14:20:00,125.40796542059533
2024-01-04 14:25:00,123.20520292483249
2024-01-04 14:30:00,116.1638419157346
2024-01-04 14:35:00,116.34846547698265
2024-01-04 14:40:00,116.4216764103535
2024-01-04 14:45:00,122.73806818925915
2024-01-04 14:50:00,119.00652168057393
2024-01-04 14:55:00,124.11332593392736
2024-01-04 15:00:00,118.55755849366963
2024-01-04 15:05:00,122.0034323395414
2024-01-04 15:10:00,116.53649471967735
2024-01-04 15:15:00,116.82499916481751
2024-01-04 15:20:00,123.7005632553642
2024-01-04 15:25:00,120.35253606439503
2024-01-04 15:30:00,122.40535628554152
2024-01-04 15:35:00,116.00489178051323
2024-01-04 15:40:00,63.33694782611316
2024-01-04 15:45:00,120.46470260619509
2024-01-04 15:50:00,121.61858392971656
2024-01-04 15:55:00,118.96150918602359
2024-01-04 16:00:00,123.35098374201478
2024-01-04 16:05:00,118.29395761036282
2024-01-04 16:10:00,119.51789507153954
2024-01-04 16:15:00,118.29752297263387
2024-01-04 16:20:00,125.23093993921833
2024-01-04 16:25:00,128.20296992456392
2024-01-04 16:30:00,123.63388261353772
2024-01-04 16:35:00,122.06111302093083
2024-01-04 16:40:00,116.80180972307492
2024-01-04 16:45:00,121.26848222606111
2024-01-04 16:50:00,123.90671048262904
2024-01-04 16:55:00,117.90843844620166
2024-01-04 17:00:00,122.32717503327459
2024-01-04 17:05:00,116.17244044562271
2024-01-04 17:10:00,126.04735381740934
2024-01-04 17:15:00,117.74228097884563
2024-01-04 17:20:00,118.48631865984254
2024-01-04 17:25:00,123.3262761994945
2024-01-04 17:30:00,125.67024877108622
2024-01-04 17:35:00,127.22531854362364
2024-01-04 17:40:00,117.02960161897505
2024-01-04 17:45:00,122.5980501896639
2024-01-04 17:50:00,118.6158757270636
2024-01-04 17:55:00,58.46670288306395
2024-01-04 18:00:00,102.64694258975783
2024-01-04 18:05:00,99.60690300182576
2024-01-04 18:10:00,100.30269777948502
2024-01-04 18:15:00,99.89597767402921
2024-01-04 18:20:00,100.80163666538087
2024-01-04 18:25:00,98.37774096194057
2024-01-04 18:30:00,101.61148434284641
2024-01-04 18:35:00,97.34854609861861
2024-01-04 18:40:00,96.56619010151508
2024-01-04 18:45:00,98.16306602560677
2024-01-04 18:50:00,95.20712640882145
2024-01-04 18:55:00,94.46746505249241
2024-01-04 19:00:00,97.49652076710854
2024-01-04 19:05:00,99.63203820539354
2024-01-04 19:10:00,100.23738674952153
2024-01-04 19:15:00,97.391835756678
2024-01-04 19:20:00,103.55061917465271
2024-01-04 19:25:00,108.4467700245865
2024-01-04 19:30:00,99.49132882252472
2024-01-04 19:35:00,97.3396323304042
2024-01-04 19:40:00,90.66240965371416
2024-01-04 19:45:00,106.1075693733132
2024-01-04 19:50:00,101.58942834975238
2024-01-04 19:55:00,101.97770712525146
2024-01-04 20:00:00,103.18116047224538
2024-01-04 20:05:00,102.30777140297135
2024-01-04 20:10:00,102.61705026010596
2024-01-04 20:15:00,102.30379829152848
2024-01-04 20:20:00,96.75857745091271
2024-01-04 20:25:00,103.96042483569612
2024-01-04 20:30:00,98.39802407656938
2024-01-04 20:35:00,97.14164354462673
2024-01-04 20:40:00,96.03755485961725
2024-01-04 20:45:00,101.40346414549076
2024-01-04 20:50:00,101.47024677655476
2024-01-04 20:55:00,100.89632921107093
2024-01-04 21:00:00,97.69765080792168
2024-01-04 21:05:00,100.38920136434892
2024-01-04 21:10:00,96.60473036226718
2024-01-04 21:15:00,95.66278563625517
2024-01-04 21:20:00,67.41338068251035
2024-01-04 21:25:00,104.77471108221793
2024-01-04 21:30:00,94.07209277082426
2024-01-04 21:35:00,101.57626385235395
2024-01-04 21:40:00,55.82921826987588
2024-01-04 21:45:00,100.02239840143362
2024-01-04 21:50:00,102.56473281746123
2024-01-04 21:55:00,93.00579978609464
2024-01-04 22:00:00,101.24731676452369
2024-01-04 22:05:00,93.89081484075332
2024-01-04 22:10:00,102.70275795287175
2024-01-04 22:15:00,101.00586407028615
2024-01-04 22:20:00,95.98924380269972
2024-01-04 22:25:00,64.49196573695258
2024-01-04 22:30:00,99.21739010922194
2024-01-04 22:35:00,100.9809972521968
2024-01-04 22:40:00,100.00469068059641
2024-01-04 22:45:00,98.1533438768851
2024-01-04 22:50:00,101.65483652327529
2024-01-04 22:55:00,103.4812433967067
2024-01-04 23:00:00,99.41804087644115
2024-01-04 23:05:00,101.59834428789405
2024-01-04 23:10:00,106.11258517197003
2024-01-04 23:15:00,102.26288584727138
2024-01-04 23:20:00,106.17010561231253
2024-01-04 23:25:00,93.98524953838336
2024-01-04 23:30:00,95.54361835676652
2024-01-04 23:35:00,95.59904807554067
2024-01-04 23:40:00,97.20503988699612
2024-01-04 23:45:00,101.34423957602165
2024-01-04 23:50:00,94.73478795253061
2024-01-04 23:55:00,104.09751855946786
2024-01-05 00:00:00,93.344256552097
2024-01-05 00:05:00,91.2414602185026
2024-01-05 00:10:00,86.52520250722556
2024-01-05 00:15:00,82.67342693119197
2024-01-05 00:20:00,88.99395583747273
2024-01-05 00:25:00,84.32277602785032
2024-01-05 00:30:00,93.2251979200268
2024-01-05 00:35:00,87.21969487357991
2024-01-05 00:40:00,89.98846542291213
2024-01-05 00:45:00,96.24850526957034
2024-01-05 00:50:00,83.81008624170502
2024-01-05 00:55:00,66.53102148382928
2024-01-05 01:00:00,87.61827526368165
2024-01-05 01:05:00,94.83914307168459
2024-01-05 01:10:00,63.174352774540445
2024-01-05 01:15:00,88.25807199413477
2024-01-05 01:20:00,83.60322985190672
2024-01-05 01:25:00,89.35409925141042
2024-01-05 01:30:00,87.10666154176783
2024-01-05 01:35:00,89.35487293621144
2024-01-05 01:40:00,93.79011756514824
2024-01-05 01:45:00,90.75130292022884
2024-01-05 01:50:00,78.46484105471461
2024-01-05 01:55:00,84.9848307235974
2024-01-05 02:00:00,92.63884898853524
2024-01-05 02:05:00,90.26111420536876
2024-01-05 02:10:00,91.72850394370522
2024-01-05 02:15:00,88.40482046205356
2024-01-05 02:20:00,87.9601353223449
2024-01-05 02:25:00,94.94418737653203
2024-01-05 02:30:00,87.45470103034263
2024-01-05 02:35:00,91.82190393979035
2024-01-05 02:40:00,85.2793957455408
2024-01-05 02:45:00,92.08945262524492
2024-01-05 02:50:00,85.12832959825643
2024-01-05 02:55:00,82.50058909514281
2024-01-05 03:00:00,89.5020735358352
2024-01-05 03:05:00,88.19706669162484
2024-01-05 03:10:00,88.22522994485499
2024-01-05 03:15:00,93.36067572881491
2024-01-05 03:20:00,93.5650710356448
2024-01-05 03:25:00,89.9393040413881
2024-01-05 03:30:00,92.52869649984568
2024-01-05 03:35:00,91.24414481841477
2024-01-05 03:40:00,93.9881197766255
2024-01-05 03:45:00,90.22488858279699
2024-01-05 03:50:00,92.82214292649188
2024-01-05 03:55:00,90.82429235844386
2024-01-05 04:00:00,93.5437353915812
2024-01-05 04:05:00,86.05209868115894
2024-01-05 04:10:00,91.06991248718835
2024-01-05 04:15:00,89.07957391064917
2024-01-05 04:20:00,91.48053736215851
2024-01-05 04:25:00,89.13773304915102
2024-01-05 04:30:00,89.62504701220449
2024-01-05 04:35:00,87.43139828740873
2024-01-05 04:40:00,85.29175780712859
2024-01-05 04:45:00,88.32887105443771
2024-01-05 04:50:00,91.5323782855259
2024-01-05 04:55:00,87.64482126708319
2024-01-05 05:00:00,63.23437365287913
2024-01-05 05:05:00,87.19637628084247
2024-01-05 05:10:00,66.69894411388807
2024-01-05 05:15:00,87.73086161169023
2024-01-05 05:20:00,91.94016505384755
2024-01-05 05:25:00,88.60703698581715
2024-01-05 05:30:00,88.91088161497214
2024-01-05 05:35:00,65.74743916298546
2024-01-05 05:40:00,88.68211609634442
2024-01-05 05:45:00,91.41165765588336
2024-01-05 05:50:00,90.76427094492556
2024-01-05 05:55:00,85.3118592893785
2024-01-05 06:00:00,111.61343736176929
2024-01-05 06:05:00,106.44822661782783
2024-01-05 06:10:00,104.19900902666942
2024-01-05 06:15:00,103.0615573914913
2024-01-05 06:20:00,104.235506601182
2024-01-05 06:25:00,113.5968350780914
2024-01-05 06:30:00,109.14709965383379
2024-01-05 06:35:00,102.43578824327888
2024-01-05 06:40:00,110.55709214299242
2024-01-05 06:45:00,109.69381990163726
2024-01-05 06:50:00,111.20503718800201
2024-01-05 06:55:00,105.56222317811174
2024-01-05 07:00:00,113.95202420479481
2024-01-05 07:05:00,106.80029266995659
2024-01-05 07:10:00,109.37784253931399
2024-01-05 07:15:00,117.2747683453658
2024-01-05 07:20:00,103.96150906618998
2024-01-05 07:25:00,101.28988940321199
2024-01-05 07:30:00,112.91835246169228
2024-01-05 07:35:00,111.64668566621235
2024-01-05 07:40:00,113.82544693441642
2024-01-05 07:45:00,66.3676084955907
2024-01-05 07:50:00,67.79826752725725
2024-01-05 07:55:00,106.0643818231468
2024-01-05 08:00:00,139.9842876571886
2024-01-05 08:05:00,143.15447313474564
2024-01-05 08:10:00,146.86857321935713
2024-01-05 08:15:00,146.81664072080466
2024-01-05 08:20:00,139.5383550710738
2024-01-05 08:25:00,140.17220396880816
2024-01-05 08:30:00,140.5133505700283
2024-01-05 08:35:00,137.60388202462073
2024-01-05 08:40:00,133.08306384157308
2024-01-05 08:45:00,133.08675728913408
2024-01-05 08:50:00,51.631974400096766
2024-01-05 08:55:00,139.33367103346225
2024-01-05 09:00:00,138.00752832165833
2024-01-05 09:05:00,140.66965555771822
2024-01-05 09:10:00,143.18316756209413
2024-01-05 09:15:00,138.45533328395993
2024-01-05 09:20:00,139.83898707189525
2024-01-05 09:25:00,137.0260253859984
2024-01-05 09:30:00,134.8842884307238
2024-01-05 09:35:00,140.6798578367291
2024-01-05 09:40:00,141.17950793981424
2024-01-05 09:45:00,137.89223044470194
2024-01-05 09:50:00,139.6617873691357
2024-01-05 09:55:00,138.59328247483523
2024-01-05 10:00:00,137.10933014858585
2024-01-05 10:05:00,139.34102116444478
2024-01-05 10:10:00,143.9262211454839
2024-01-05 10:15:00,135.1314121320179
2024-01-05 10:20:00,60.805988135229995
2024-01-05 10:25:00,141.8213690380998
2024-01-05 10:30:00,137.6731408407222
2024-01-05 10:35:00,141.3872730404033
2024-01-05 10:40:00,137.5770083494091
2024-01-05 10:45:00,135.37363672069085
2024-01-05 10:50:00,141.92004366392803
2024-01-05 10:55:00,140.51626541458822
2024-01-05 11:00:00,137.21810665412903
2024-01-05 11:05:00,137.3559918998884
2024-01-05 11:10:00,144.5306342802391
2024-01-05 11:15:00,143.52143523189943
2024-01-05 11:20:00,133.86656719904033
2024-01-05 11:25:00,140.52641258091637
2024-01-05 11:30:00,143.1827886942014
2024-01-05 11:35:00,137.6800580488398
2024-01-05 11:40:00,137.50350369484084
2024-01-05 11:45:00,138.22737736279436
2024-01-05 11:50:00,135.086403764912
2024-01-05 11:55:00,144.90189161904337
2024-01-05 12:00:00,155.4537074761497
2024-01-05 12:05:00,156.39465132257126
2024-01-05 12:10:00,148.7849423644541
2024-01-05 12:15:00,151.63726330282566
2024-01-05 12:20:00,151.11465349074473
2024-01-05 12:25:00,150.9468761117912
2024-01-05 12:30:00,147.4996074460217
2024-01-05 12:35:00,148.3154829529097
2024-01-05 12:40:00,147.56443929866956
2024-01-05 12:45:00,142.63130215225635
2024-01-05 12:50:00,152.4532104246827
2024-01-05 12:55:00,154.44173549731875
2024-01-05 13:00:00,151.87764253329112
2024-01-05 13:05:00,146.25923178775028
2024-01-05 13:10:00,150.87766238462282
2024-01-05 13:15:00,146.54676593051542
2024-01-05 13:20:00,150.34854237707341
2024-01-05 13:25:00,157.901757918644
2024-01-05 13:30:00,149.0670134413648
2024-01-05 13:35:00,148.601994699825
2024-01-05 13:40:00,152.00316732603847
2024-01-05 13:45:00,149.62505745983376
2024-01-05 13:50:00,149.00500372615542
2024-01-05 13:55:00,155.47851780865662
2024-01-05 14:00:00,117.41446515940503
2024-01-05 14:05:00,122.69213997703633
2024-01-05 14:10:00,118.67856307492222
2024-01-05 14:15:00,58.1084565027831
2024-01-05 14:20:00,121.74267269111117
2024-01-05 14:25:00,122.5081847430796
2024-01-05 14:30:00,117.4409039952238
2024-01-05 14:35:00,122.05851678900648
2024-01-05 14:40:00,122.30487648631903
2024-01-05 14:45:00,115.06492978078366
2024-01-05 14:50:00,66.4097516896055
2024-01-05 14:55:00,119.63979945458576
2024-01-05 15:00:00,123.17719523393163
2024-01-05 15:05:00,124.97176789150849
2024-01-05 15:10:00,121.83394917413936
2024-01-05 15:15:00,117.31857559239381
2024-01-05 15:20:00,124.46347370142868
2024-01-05 15:25:00,117.96777941984239
2024-01-05 15:30:00,116.9368476110341
2024-01-05 15:35:00,115.2793027188718
2024-01-05 15:40:00,113.07690875448169
2024-01-05 15:45:00,121.04863713365835
2024-01-05 15:50:00,118.5730508723556
2024-01-05 15:55:00,129.08331183994108
2024-01-05 16:00:00,121.30045938477814
2024-01-05 16:05:00,51.96015369561482
2024-01-05 16:10:00,53.7055370066708
2024-01-05 16:15:00,119.57213716238856
2024-01-05 16:20:00,121.48691402069076
2024-01-05 16:25:00,119.57456539138539
2024-01-05 16:30:00,117.08359095308798
2024-01-05 16:35:00,115.63869027385142
2024-01-05 16:40:00,123.08346438208584
2024-01-05 16:45:00,119.08482639219895
2024-01-05 16:50:00,121.74304206171526
2024-01-05 16:55:00,113.3580742624575
2024-01-05 17:00:00,124.3620608049371
2024-01-05 17:05:00,121.4867365228962
2024-01-05 17:10:00,114.26846944108223
2024-01-05 17:15:00,120.24403912364322
2024-01-05 17:20:00,111.83900541922029
2024-01-05 17:25:00,119.39968001955563
2024-01-05 17:30:00,123.68935946676028
2024-01-05 17:35:00,122.29583217669365
2024-01-05 17:40:00,119.22071036492966
2024-01-05 17:45:00,115.90858082145812
2024-01-05 17:50:00,120.33315094043596
2024-01-05 17:55:00,122.95616948765641
2024-01-05 18:00:00,99.22997387804824
2024-01-05 18:05:00,93.18270577066991
2024-01-05 18:10:00,98.43007301408876
2024-01-05 18:15:00,108.9750141788659
2024-01-05 18:20:00,100.53705274301028
2024-01-05 18:25:00,98.52670585132053
2024-01-05 18:30:00,103.7980924537657
2024-01-05 18:35:00,97.6693627648535
2024-01-05 18:40:00,99.19631800035098
2024-01-05 18:45:00,96.22300267784007
2024-01-05 18:50:00,99.04801639333478
2024-01-05 18:55:00,95.87609480463105
2024-01-05 19:00:00,108.0668959678817
2024-01-05 19:05:00,102.07175457023733
2024-01-05 19:10:00,102.4268489266291
2024-01-05 19:15:00,103.34098681397414
2024-01-05 19:20:00,102.76861154076308
2024-01-05 19:25:00,96.42124198542562
2024-01-05 19:30:00,95.54069975284699
2024-01-05 19:35:00,100.17204994562182
2024-01-05 19:40:00,97.30407996756958
2024-01-05 19:45:00,101.29047897857784
2024-01-05 19:50:00,62.98757640473245
2024-01-05 19:55:00,102.7835475166057
2024-01-05 20:00:00,105.95778909077579
2024-01-05 20:05:00,100.20723654924956
2024-01-05 20:10:00,54.62161705748993
2024-01-05 20:15:00,96.19480067170845
2024-01-05 20:20:00,103.45219598104916
2024-01-05 20:25:00,99.19156185806025
2024-01-05 20:30:00,93.30846239304822
2024-01-05 20:35:00,100.40217262766461
2024-01-05 20:40:00,99.90714278549765
2024-01-05 20:45:00,97.17592708887796
2024-01-05 20:50:00,105.92968822727225
2024-01-05 20:55:00,96.1843542074315
2024-01-05 21:00:00,104.87283814707642
2024-01-05 21:05:00,95.0161318799256
2024-01-05 21:10:00,100.44609322763526
2024-01-05 21:15:00,101.64354735595933
2024-01-05 21:20:00,93.51268886586527
2024-01-05 21:25:00,97.91506158487726
2024-01-05 21:30:00,100.2195798461334
2024-01-05 21:35:00,100.27237076117186
2024-01-05 21:40:00,100.1396733013069
2024-01-05 21:45:00,101.39114785270637
2024-01-05 21:50:00,104.46785200796842
2024-01-05 21:55:00,97.09569016892007
2024-01-05 22:00:00,100.76416404100004
2024-01-05 22:05:00,103.23402668890438
2024-01-05 22:10:00,100.35493026903525
2024-01-05 22:15:00,104.67586110328206
2024-01-05 22:20:00,100.00449537716081
2024-01-05 22:25:00,99.69566501560861
2024-01-05 22:30:00,102.44856161310472
2024-01-05 22:35:00,104.0450337865121
2024-01-05 22:40:00,105.60180574759023
2024-01-05 22:45:00,102.09563817526634
2024-01-05 22:50:00,99.75797465379894
2024-01-05 22:55:00,105.60849433964319
2024-01-05 23:00:00,102.5475177334659
2024-01-05 23:05:00,101.19809404235232
2024-01-05 23:10:00,69.228332392841
2024-01-05 23:15:00,99.6089996792664
2024-01-05 23:20:00,100.64208788675693
2024-01-05 23:25:00,97.04594516883292
2024-01-05 23:30:00,60.88514674030502
2024-01-05 23:35:00,93.18073350298043
2024-01-05 23:40:00,97.38308020351413
2024-01-05 23:45:00,113.4099346910378
2024-01-05 23:50:00,98.74430552774315
2024-01-05 23:55:00,91.36481548906391
2024-01-06 00:00:00,89.56608326126853
2024-01-06 00:05:00,80.65217335436276
2024-01-06 00:10:00,95.12235739054633
2024-01-06 00:15:00,91.22017998007352
2024-01-06 00:20:00,85.95587840687803
2024-01-06 00:25:00,68.30003075495054
2024-01-06 00:30:00,90.13447836106057
2024-01-06 00:35:00,89.4336623461175
2024-01-06 00:40:00,87.46519354988624
2024-01-06 00:45:00,83.06409256780186
2024-01-06 00:50:00,89.81546498949488
2024-01-06 00:55:00,69.8866060537143
2024-01-06 01:00:00,88.42564677814666
2024-01-06 01:05:00,82.70872991421996
2024-01-06 01:10:00,92.3608697873881
2024-01-06 01:15:00,90.4878799863782
2024-01-06 01:20:00,85.61974976584453
2024-01-06 01:25:00,91.95979174124778
2024-01-06 01:30:00,58.06961938053999
2024-01-06 01:35:00,92.0388698781171
2024-01-06 01:40:00,86.15688366253707
2024-01-06 01:45:00,86.49339520703329
2024-01-06 01:50:00,82.65237874952601
2024-01-06 01:55:00,92.71619526936878
2024-01-06 02:00:00,88.71927043989717
2024-01-06 02:05:00,86.68136303948724
2024-01-06 02:10:00,87.97697058469961
2024-01-06 02:15:00,89.56653603454966
2024-01-06 02:20:00,89.93509014613613
2024-01-06 02:25:00,93.34564401780308
2024-01-06 02:30:00,90.30760964745174
2024-01-06 02:35:00,83.90729781602347
2024-01-06 02:40:00,88.04382213597142
2024-01-06 02:45:00,86.2812266461186
2024-01-06 02:50:00,93.7423471052185
2024-01-06 02:55:00,86.73993963547917
2024-01-06 03:00:00,82.09168382848634
2024-01-06 03:05:00,55.479761989399435
2024-01-06 03:10:00,90.96801619887633
2024-01-06 03:15:00,53.58189878656363
2024-01-06 03:20:00,90.00808613347994
2024-01-06 03:25:00,90.93302578654007
2024-01-06 03:30:00,89.11033421815058
2024-01-06 03:35:00,93.14343399915342
2024-01-06 03:40:00,88.0100604058814
2024-01-06 03:45:00,91.15673645616278
2024-01-06 03:50:00,93.61461042314669
2024-01-06 03:55:00,88.432197126004
2024-01-06 04:00:00,87.84254972932304
2024-01-06 04:05:00,92.24443818207966
2024-01-06 04:10:00,85.40066311826764
2024-01-06 04:15:00,91.74735905082984
2024-01-06 04:20:00,88.8150904653319
2024-01-06 04:25:00,84.64127725788319
2024-01-06 04:30:00,86.72808573901722
2024-01-06 04:35:00,87.74101800819001
2024-01-06 04:40:00,95.59990114704276
2024-01-06 04:45:00,100.33316627622568
2024-01-06 04:50:00,83.37448857946217
2024-01-06 04:55:00,90.35470666338884
2024-01-06 05:00:00,92.6290458235025
2024-01-06 05:05:00,55.14125384378418
2024-01-06 05:10:00,88.98968769794422
2024-01-06 05:15:00,83.6414592889789
2024-01-06 05:20:00,80.14855523425837
2024-01-06 05:25:00,92.83493350530654
2024-01-06 05:30:00,92.11835952005843
2024-01-06 05:35:00,92.21878996150289
2024-01-06 05:40:00,92.03352070197215
2024-01-06 05:45:00,91.99760059076137
2024-01-06 05:50:00,88.04406326696159
2024-01-06 05:55:00,92.26347311794352
2024-01-06 06:00:00,109.19278294360221
2024-01-06 06:05:00,107.82506774338447
2024-01-06 06:10:00,114.76138473102739
2024-01-06 06:15:00,111.47008822510914
2024-01-06 06:20:00,112.96810442862959
2024-01-06 06:25:00,104.47244491067772
2024-01-06 06:30:00,107.9429684253568
2024-01-06 06:35:00,108.15802491596787
2024-01-06 06:40:00,115.01261424120106
2024-01-06 06:45:00,111.28510800550067
2024-01-06 06:50:00,109.44694213809284
2024-01-06 06:55:00,106.98341509929736
2024-01-06 07:00:00,111.22545034763385
2024-01-06 07:05:00,111.91597970600328
2024-01-06 07:10:00,109.76107652561147
2024-01-06 07:15:00,105.60292118759169
2024-01-06 07:20:00,116.14326106885171
2024-01-06 07:25:00,107.0045476527262
2024-01-06 07:30:00,56.441350703914594
2024-01-06 07:35:00,113.46191926576984
2024-01-06 07:40:00,112.40513569094713
2024-01-06 07:45:00,107.15139267504271
2024-01-06 07:50:00,117.90248360368892
2024-01-06 07:55:00,108.42745308890065
2024-01-06 08:00:00,141.28607008570873
2024-01-06 08:05:00,138.58966514883866
2024-01-06 08:10:00,147.64696939588978
2024-01-06 08:15:00,136.9527166226499
2024-01-06 08:20:00,139.4616974182581
2024-01-06 08:25:00,137.26828603771605
2024-01-06 08:30:00,135.2078427019579
2024-01-06 08:35:00,140.51754548315955
2024-01-06 08:40:00,135.95520665103683
2024-01-06 08:45:00,138.30218368347352
2024-01-06 08:50:00,144.36869998591644
2024-01-06 08:55:00,145.91280861076288
2024-01-06 09:00:00,132.70156307970302
2024-01-06 09:05:00,136.74017127010936
2024-01-06 09:10:00,138.6260537770082
2024-01-06 09:15:00,51.05487904324435
2024-01-06 09:20:00,141.71735356557346
2024-01-06 09:25:00,138.70034112217436
2024-01-06 09:30:00,148.90085556803965
2024-01-06 09:35:00,137.68800129418392
2024-01-06 09:40:00,139.45496268411674
2024-01-06 09:45:00,145.60346160004704
2024-01-06 09:50:00,144.98814371880596
2024-01-06 09:55:00,141.25134791699148
2024-01-06 10:00:00,141.65604870455755
2024-01-06 10:05:00,137.6671694886911
2024-01-06 10:10:00,143.81939930342213
2024-01-06 10:15:00,140.97123556404216
2024-01-06 10:20:00,138.85032664208182
2024-01-06 10:25:00,138.57969467455862
2024-01-06 10:30:00,143.27728666450642
2024-01-06 10:35:00,142.337603993497
2024-01-06 10:40:00,136.90517287982306
2024-01-06 10:45:00,141.2703894347251
2024-01-06 10:50:00,136.44360294413553
2024-01-06 10:55:00,136.49011666985734
2024-01-06 11:00:00,139.07639814956968
2024-01-06 11:05:00,138.30644879019275
2024-01-06 11:10:00,143.59941791028277
2024-01-06 11:15:00,141.94937808297095
2024-01-06 11:20:00,137.58181362750918
2024-01-06 11:25:00,141.1170251783925
2024-01-06 11:30:00,141.58625939365444
2024-01-06 11:35:00,140.43771412910837
2024-01-06 11:40:00,144.34612416938592
2024-01-06 11:45:00,139.42129752588983
2024-01-06 11:50:00,137.80225877945156
2024-01-06 11:55:00,145.36071935058067
2024-01-06 12:00:00,150.94488280983822
2024-01-06 12:05:00,150.2948211208162
2024-01-06 12:10:00,145.3644231908647
2024-01-06 12:15:00,148.52619413976365
2024-01-06 12:20:00,150.56863505701443
2024-01-06 12:25:00,143.8445719908006
2024-01-06 12:30:00,142.63869670796566
2024-01-06 12:35:00,152.53839328314768
2024-01-06 12:40:00,156.36876217752842
2024-01-06 12:45:00,153.4982226866454
2024-01-06 12:50:00,149.7318902827006
2024-01-06 12:55:00,150.9020316876519
2024-01-06 13:00:00,151.96276334795408
2024-01-06 13:05:00,151.6975777925439
2024-01-06 13:10:00,143.7404859589196
2024-01-06 13:15:00,149.70102526272956
2024-01-06 13:20:00,148.36481464038866
2024-01-06 13:25:00,151.32893925307997
2024-01-06 13:30:00,154.23365213475063
2024-01-06 13:35:00,151.46513839318786
2024-01-06 13:40:00,151.99839718124764
2024-01-06 13:45:00,148.66609763397014
2024-01-06 13:50:00,154.21911997542028
2024-01-06 13:55:00,146.13291313824277
2024-01-06 14:00:00,117.15806441997317
2024-01-06 14:05:00,122.59817881235814
2024-01-06 14:10:00,121.00265365186101
2024-01-06 14:15:00,120.120910249598
2024-01-06 14:20:00,123.18560895957172
2024-01-06 14:25:00,65.67003005175818
2024-01-06 14:30:00,65.23779788754968
2024-01-06 14:35:00,115.2890153762906
2024-01-06 14:40:00,121.02016861426863
2024-01-06 14:45:00,117.49765628027063
2024-01-06 14:50:00,121.70495876848221
2024-01-06 14:55:00,117.21668922700714
2024-01-06 15:00:00,113.93363782189583
2024-01-06 15:05:00,118.34212480639886
2024-01-06 15:10:00,116.07007355779007
2024-01-06 15:15:00,114.90813438701124
2024-01-06 15:20:00,120.97082668654936
2024-01-06 15:25:00,121.76599222229662
2024-01-06 15:30:00,55.15263997527058
2024-01-06 15:35:00,124.89420893004257
2024-01-06 15:40:00,115.23732883101793
2024-01-06 15:45:00,116.641759974358
2024-01-06 15:50:00,123.52441748209912
2024-01-06 15:55:00,115.92503195000977
2024-01-06 16:00:00,120.57883125365514
2024-01-06 16:05:00,120.74329775565143
2024-01-06 16:10:00,113.33555239333415
2024-01-06 16:15:00,124.36069269047175
2024-01-06 16:20:00,118.99240725327945
2024-01-06 16:25:00,116.31743300663274
2024-01-06 16:30:00,126.91725895719954
2024-01-06 16:35:00,121.55808147092226
2024-01-06 16:40:00,117.14419294404829
2024-01-06 16:45:00,125.12898090816614
2024-01-06 16:50:00,117.15327941709413
2024-01-06 16:55:00,120.87682801680623
2024-01-06 17:00:00,120.6437538781966
2024-01-06 17:05:00,114.4356836382038
2024-01-06 17:10:00,120.54574247418365
2024-01-06 17:15:00,113.18986808753135
2024-01-06 17:20:00,115.6525605639715
2024-01-06 17:25:00,110.9871003358989
2024-01-06 17:30:00,125.23806676964625
2024-01-06 17:35:00,118.69462058113373
2024-01-06 17:40:00,124.83508072470303
2024-01-06 17:45:00,123.33718632077569
2024-01-06 17:50:00,117.83171273995889
2024-01-06 17:55:00,117.19405769184267
2024-01-06 18:00:00,95.05595062397319
2024-01-06 18:05:00,95.108403641768
2024-01-06 18:10:00,100.93581654846176
2024-01-06 18:15:00,95.04715365644064
2024-01-06 18:20:00,102.139716401761
2024-01-06 18:25:00,99.65360768946022
2024-01-06 18:30:00,99.299329561556
2024-01-06 18:35:00,58.18365174916977
2024-01-06 18:40:00,104.37399014355223
2024-01-06 18:45:00,101.51052936162706
2024-01-06 18:50:00,105.15382589093092
2024-01-06 18:55:00,97.90164780913103
2024-01-06 19:00:00,105.51486269661989
2024-01-06 19:05:00,94.92114221831349
2024-01-06 19:10:00,103.20637550535949
2024-01-06 19:15:00,98.77414336290316
2024-01-06 19:20:00,95.8195599940983
2024-01-06 19:25:00,96.07003939904305
2024-01-06 19:30:00,97.47672146140987
2024-01-06 19:35:00,102.95604396462754
2024-01-06 19:40:00,103.0441978115628
2024-01-06 19:45:00,98.1409703881351
2024-01-06 19:50:00,106.6644923491869
2024-01-06 19:55:00,99.04595917204965
2024-01-06 20:00:00,97.33516227905915
2024-01-06 20:05:00,98.22177264297974
2024-01-06 20:10:00,100.31473312845634
2024-01-06 20:15:00,101.38289023706585
2024-01-06 20:20:00,102.8611454652765
2024-01-06 20:25:00,99.2600525681231
2024-01-06 20:30:00,97.33702247089413
2024-01-06 20:35:00,102.04757124997978
2024-01-06 20:40:00,99.76845071985291
2024-01-06 20:45:00,97.60677510933657
2024-01-06 20:50:00,100.14807011350113
2024-01-06 20:55:00,63.93377975746394
2024-01-06 21:00:00,104.19040006972537
2024-01-06 21:05:00,98.08926882420783
2024-01-06 21:10:00,102.29029745488842
2024-01-06 21:15:00,57.245869800004094
2024-01-06 21:20:00,104.79917084694202
2024-01-06 21:25:00,90.38893568023788
2024-01-06 21:30:00,100.343543921555
2024-01-06 21:35:00,92.64325785969382
2024-01-06 21:40:00,106.04601067990636
2024-01-06 21:45:00,94.80046444112463
2024-01-06 21:50:00,99.68244239619771
2024-01-06 21:55:00,89.74627911369535
2024-01-06 22:00:00,103.57948109212678
2024-01-06 22:05:00,101.52925038917945
2024-01-06 22:10:00,95.88569077588065
2024-01-06 22:15:00,103.1444625688972
2024-01-06 22:20:00,66.87457585420515
2024-01-06 22:25:00,95.1225553585672
2024-01-06 22:30:00,105.45162038187392
2024-01-06 22:35:00,97.55992218650005
2024-01-06 22:40:00,103.1890748533484
2024-01-06 22:45:00,50.98009289942547
2024-01-06 22:50:00,101.9018663866415
2024-01-06 22:55:00,98.88313100615756
2024-01-06 23:00:00,64.70457036203192
2024-01-06 23:05:00,104.67589281246252
2024-01-06 23:10:00,95.37071988446107
2024-01-06 23:15:00,98.35188627423342
2024-01-06 23:20:00,101.37700319058075
2024-01-06 23:25:00,107.46415140006302
2024-01-06 23:30:00,103.23379340240018
2024-01-06 23:35:00,102.62513968259202
2024-01-06 23:40:00,100.37268451916913
2024-01-06 23:45:00,98.77368901804876
2024-01-06 23:50:00,99.96985903237096
2024-01-06 23:55:00,101.69272276491216
2024-01-07 00:00:00,89.10763693153882
2024-01-07 00:05:00,89.55348932034602
2024-01-07 00:10:00,96.74553622390158
2024-01-07 00:15:00,83.40629341570171
2024-01-07 00:20:00,84.02491701930428
2024-01-07 00:25:00,90.0662545842135
2024-01-07 00:30:00,92.17779635176062
2024-01-07 00:35:00,91.36884180210549
2024-01-07 00:40:00,90.7994557658509
2024-01-07 00:45:00,88.02385105480785
2024-01-07 00:50:00,86.90573149050167
2024-01-07 00:55:00,89.33781814402079
2024-01-07 01:00:00,92.24758826841324
2024-01-07 01:05:00,95.1911513164054
2024-01-07 01:10:00,89.51584395398866
2024-01-07 01:15:00,59.11133563980218
2024-01-07 01:20:00,93.1991955979956
2024-01-07 01:25:00,88.36624177798225
2024-01-07 01:30:00,90.20111021598548
2024-01-07 01:35:00,89.52331603549716
2024-01-07 01:40:00,88.9477077437759
2024-01-07 01:45:00,84.56482481164645
2024-01-07 01:50:00,89.92022156665604
2024-01-07 01:55:00,89.62687644985196
2024-01-07 02:00:00,92.62805886999516
2024-01-07 02:05:00,88.84717853190001
2024-01-07 02:10:00,57.506426915460274
2024-01-07 02:15:00,89.64183132118369
2024-01-07 02:20:00,93.01673871273681
2024-01-07 02:25:00,90.814326348433
2024-01-07 02:30:00,88.01738649346466
2024-01-07 02:35:00,92.58794187322718
2024-01-07 02:40:00,87.90963186677993
2024-01-07 02:45:00,92.59837465108092
2024-01-07 02:50:00,93.1077074982855
2024-01-07 02:55:00,88.80619853067739
2024-01-07 03:00:00,87.46533801584964
2024-01-07 03:05:00,92.4208936271042
2024-01-07 03:10:00,94.79977534953872
2024-01-07 03:15:00,88.59175396117435
2024-01-07 03:20:00,84.57685921278338
2024-01-07 03:25:00,92.36554811663109
2024-01-07 03:30:00,94.77413587274442
2024-01-07 03:35:00,89.0287262089236
2024-01-07 03:40:00,87.05468858051539
2024-01-07 03:45:00,86.5240597387997
2024-01-07 03:50:00,84.07589503136546
2024-01-07 03:55:00,92.57830310695223
2024-01-07 04:00:00,89.18277873772482
2024-01-07 04:05:00,89.54710580534869
2024-01-07 04:10:00,94.27140686172352
2024-01-07 04:15:00,89.62535144716462
2024-01-07 04:20:00,86.46671513307372
2024-01-07 04:25:00,92.9881602467933
2024-01-07 04:30:00,93.28605797233588
2024-01-07 04:35:00,86.92854013716848
2024-01-07 04:40:00,77.46834462880275
2024-01-07 04:45:00,92.3249560848925
2024-01-07 04:50:00,87.11087718380412
2024-01-07 04:55:00,90.04562710075162
2024-01-07 05:00:00,91.96134917712354
2024-01-07 05:05:00,88.22371115061992
2024-01-07 05:10:00,88.08532714921418
2024-01-07 05:15:00,90.67992382562596
2024-01-07 05:20:00,90.96359389724883
2024-01-07 05:25:00,83.2505956018862
2024-01-07 05:30:00,86.41060697196924
2024-01-07 05:35:00,89.67875391601775
2024-01-07 05:40:00,94.70303726258186
2024-01-07 05:45:00,85.28583594332797
2024-01-07 05:50:00,90.84358372113128
2024-01-07 05:55:00,86.4196558968794
2024-01-07 06:00:00,105.66406195727892
2024-01-07 06:05:00,67.58786113614391
2024-01-07 06:10:00,103.71529970056139
2024-01-07 06:15:00,63.605013766607485
2024-01-07 06:20:00,109.02366853175448
2024-01-07 06:25:00,109.40301025289203
2024-01-07 06:30:00,103.67865220459223
2024-01-07 06:35:00,112.93306435583796
2024-01-07 06:40:00,111.36151400802905
2024-01-07 06:45:00,112.62312657226056
2024-01-07 06:50:00,111.89019051516875
2024-01-07 06:55:00,106.71999263543192
2024-01-07 07:00:00,111.78105126458118
2024-01-07 07:05:00,112.27104765711717
2024-01-07 07:10:00,108.9557734382642
2024-01-07 07:15:00,114.5892742010475
2024-01-07 07:20:00,109.3279800770124
2024-01-07 07:25:00,108.90502733860826
2024-01-07 07:30:00,108.52026070529531
2024-01-07 07:35:00,109.6634731438199
2024-01-07 07:40:00,111.24755673508025
2024-01-07 07:45:00,110.03824405872192
2024-01-07 07:50:00,108.55691795608325
2024-01-07 07:55:00,110.05868978823678
2024-01-07 08:00:00,139.81540102543784
2024-01-07 08:05:00,140.5985737598051
2024-01-07 08:10:00,139.4665231968509
2024-01-07 08:15:00,143.59195653399297
2024-01-07 08:20:00,136.87559786524267
2024-01-07 08:25:00,139.98789678009274
2024-01-07 08:30:00,141.34931913744245
2024-01-07 08:35:00,141.1738556413219
2024-01-07 08:40:00,128.27934752272637
2024-01-07 08:45:00,142.82209443775383
2024-01-07 08:50:00,144.59360364497837
2024-01-07 08:55:00,144.23018755329824
2024-01-07 09:00:00,138.26915616342268
2024-01-07 09:05:00,136.6692113208386
2024-01-07 09:10:00,135.1242543171566
2024-01-07 09:15:00,132.36639097412004
2024-01-07 09:20:00,135.08537016846765
2024-01-07 09:25:00,142.39245522518914
2024-01-07 09:30:00,141.59630647060277
2024-01-07 09:35:00,138.12241645726783
2024-01-07 09:40:00,139.8714339786968
2024-01-07 09:45:00,141.59325437852164
2024-01-07 09:50:00,139.13182736450304
2024-01-07 09:55:00,140.76388168125268
2024-01-07 10:00:00,138.69514726661134
2024-01-07 10:05:00,139.67925040077768
2024-01-07 10:10:00,143.0349281303841
2024-01-07 10:15:00,136.98504447863976
2024-01-07 10:20:00,140.74066723948573
2024-01-07 10:25:00,136.9573412183405
2024-01-07 10:30:00,143.92566807723077
2024-01-07 10:35:00,137.51436730188786
2024-01-07 10:40:00,140.31439866158487
2024-01-07 10:45:00,143.96811306327436
2024-01-07 10:50:00,149.3940975912762
2024-01-07 10:55:00,139.8922717491161
2024-01-07 11:00:00,136.57007313684656
2024-01-07 11:05:00,135.13812840830778
2024-01-07 11:10:00,140.2728412241604
2024-01-07 11:15:00,139.38425234694935
2024-01-07 11:20:00,150.23406844090192
2024-01-07 11:25:00,137.61361257212013
2024-01-07 11:30:00,138.6165059300299
2024-01-07 11:35:00,143.00986200805997
2024-01-07 11:40:00,146.10930758469522
2024-01-07 11:45:00,141.51584089123244
2024-01-07 11:50:00,139.8423739079727
2024-01-07 11:55:00,139.13388658233916
2024-01-07 12:00:00,152.36289500359933
2024-01-07 12:05:00,142.91226972694724
2024-01-07 12:10:00,147.84202556041416
2024-01-07 12:15:00,150.43338604762073
2024-01-07 12:20:00,146.1629535419954
2024-01-07 12:25:00,149.4270627800003
2024-01-07 12:30:00,145.54645925108173
2024-01-07 12:35:00,149.11805062280445
2024-01-07 12:40:00,152.93932299358872
2024-01-07 12:45:00,152.79508070316035
2024-01-07 12:50:00,150.99841358427844
2024-01-07 12:55:00,152.8787723690354
2024-01-07 13:00:00,154.243195043881
2024-01-07 13:05:00,148.81732254622892
2024-01-07 13:10:00,149.8185791882655
2024-01-07 13:15:00,145.97401806490402
2024-01-07 13:20:00,58.00659736821517
2024-01-07 13:25:00,156.4360868596985
2024-01-07 13:30:00,148.43919483020872
2024-01-07 13:35:00,153.6962665591287
2024-01-07 13:40:00,147.63645615384976
2024-01-07 13:45:00,150.5576412659986
2024-01-07 13:50:00,158.0090694793156
2024-01-07 13:55:00,144.51662585132337
2024-01-07 14:00:00,119.60894538171019
2024-01-07 14:05:00,124.48854652162044
2024-01-07 14:10:00,122.71195630038812
2024-01-07 14:15:00,121.40622524882194
2024-01-07 14:20:00,120.6619986619774
2024-01-07 14:25:00,117.98149082650711
2024-01-07 14:30:00,120.00140359816567
2024-01-07 14:35:00,122.81435780691659
2024-01-07 14:40:00,112.99965420696746
2024-01-07 14:45:00,123.10441301660384
2024-01-07 14:50:00,124.95679130069908
2024-01-07 14:55:00,120.13193238870838
2024-01-07 15:00:00,126.62827207772811
2024-01-07 15:05:00,62.362059311233935
2024-01-07 15:10:00,117.85095651552837
2024-01-07 15:15:00,111.03144194244263
2024-01-07 15:20:00,130.7615517620625
2024-01-07 15:25:00,120.15069801843437
2024-01-07 15:30:00,115.41844307963565
2024-01-07 15:35:00,126.56841424676487
2024-01-07 15:40:00,118.10694444404437
2024-01-07 15:45:00,120.96871151697326
2024-01-07 15:50:00,119.30451735891334
2024-01-07 15:55:00,61.38460424182896
2024-01-07 16:00:00,121.56810644709103
2024-01-07 16:05:00,121.50509179376641
2024-01-07 16:10:00,116.18110655384183
2024-01-07 16:15:00,120.85063700083943
2024-01-07 16:20:00,116.24181656228964
2024-01-07 16:25:00,121.2907434902111
2024-01-07 16:30:00,123.16946283626693
2024-01-07 16:35:00,122.31004376106235
2024-01-07 16:40:00,121.14045146217651
2024-01-07 16:45:00,117.22075769821392
2024-01-07 16:50:00,114.56611818169202
2024-01-07 16:55:00,121.68368612264817
2024-01-07 17:00:00,120.41439112862876
2024-01-07 17:05:00,114.2022479494535
2024-01-07 17:10:00,120.71133325243618
2024-01-07 17:15:00,115.30631769635924
2024-01-07 17:20:00,120.96603427925247
2024-01-07 17:25:00,120.82642990465516
2024-01-07 17:30:00,114.24824031187867
2024-01-07 17:35:00,116.55293088889348
2024-01-07 17:40:00,123.34356135238971
2024-01-07 17:45:00,118.42059467046697
2024-01-07 17:50:00,117.19754092532612
2024-01-07 17:55:00,64.45678407800425
2024-01-07 18:00:00,61.90553682208109
2024-01-07 18:05:00,101.48105111585365
2024-01-07 18:10:00,102.95680344938481
2024-01-07 18:15:00,94.24115899510987
2024-01-07 18:20:00,97.27648442885369
2024-01-07 18:25:00,98.73202262501201
2024-01-07 18:30:00,101.01571928601187
2024-01-07 18:35:00,98.67048873173675
2024-01-07 18:40:00,104.98449544629439
2024-01-07 18:45:00,100.73100349073981
2024-01-07 18:50:00,102.48178123076124
2024-01-07 18:55:00,98.09587031086697
2024-01-07 19:00:00,103.67599342681181
2024-01-07 19:05:00,53.896809833107284
2024-01-07 19:10:00,101.28971581555982
2024-01-07 19:15:00,106.14605069046145
2024-01-07 19:20:00,95.93033626367824
2024-01-07 19:25:00,96.53832339944056
2024-01-07 19:30:00,54.43558983867093
2024-01-07 19:35:00,99.40973043681832
2024-01-07 19:40:00,103.17761860774976
2024-01-07 19:45:00,103.40353007937038
2024-01-07 19:50:00,102.31931315910414
2024-01-07 19:55:00,96.98623676400408
2024-01-07 20:00:00,97.43640281419218
2024-01-07 20:05:00,100.46104034910684
2024-01-07 20:10:00,102.32426898594183
2024-01-07 20:15:00,102.18636405474787
2024-01-07 20:20:00,98.0661042594945
2024-01-07 20:25:00,101.99497692630331
2024-01-07 20:30:00,94.65716082623535
2024-01-07 20:35:00,109.02922562399435
2024-01-07 20:40:00,94.11542324373934
2024-01-07 20:45:00,99.86416228167695
2024-01-07 20:50:00,102.44964800796649
2024-01-07 20:55:00,95.08357067435557
2024-01-07 21:00:00,98.47053681613949
2024-01-07 21:05:00,106.50365667037998
2024-01-07 21:10:00,97.12235960293116
2024-01-07 21:15:00,51.5701973690722
2024-01-07 21:20:00,99.09835706781156
2024-01-07 21:25:00,94.24198239021679
2024-01-07 21:30:00,99.90354750376027
2024-01-07 21:35:00,91.03126096727824
2024-01-07 21:40:00,53.821242786927165
2024-01-07 21:45:00,95.02089032364157
2024-01-07 21:50:00,102.73156912825301
2024-01-07 21:55:00,97.80796776700325
2024-01-07 22:00:00,109.31198639928063
2024-01-07 22:05:00,100.80178133581313
2024-01-07 22:10:00,101.6321784023385
2024-01-07 22:15:00,102.23365035018898
2024-01-07 22:20:00,100.2384608773457
2024-01-07 22:25:00,103.60990117222806
2024-01-07 22:30:00,91.54780233689645
2024-01-07 22:35:00,100.38981465764604
2024-01-07 22:40:00,106.56743981005343
2024-01-07 22:45:00,97.11710302470131
2024-01-07 22:50:00,105.59970199484881
2024-01-07 22:55:00,102.87332034478128
2024-01-07 23:00:00,102.23394801040959
2024-01-07 23:05:00,101.90420002534354
2024-01-07 23:10:00,101.16435816684844
2024-01-07 23:15:00,102.91041498361078
2024-01-07 23:20:00,101.64546510788172
2024-01-07 23:25:00,94.61752908014986
2024-01-07 23:30:00,97.16637272749463
2024-01-07 23:35:00,102.81376084997495
2024-01-07 23:40:00,101.78905582823236
2024-01-07 23:45:00,99.92635662956671
2024-01-07 23:50:00,96.66809829195068
2024-01-07 23:55:00,99.50068486960626
2024-01-08 00:00:00,95.35433671079299
2024-01-08 00:05:00,91.53047364398503
2024-01-08 00:10:00,84.98075830858586
2024-01-08 00:15:00,90.69500049866355
2024-01-08 00:20:00,94.62601044109277
2024-01-08 00:25:00,91.65633611993469
2024-01-08 00:30:00,86.02190965979028
2024-01-08 00:35:00,84.25304587414134
2024-01-08 00:40:00,95.71414868417186
2024-01-08 00:45:00,88.644657920362
2024-01-08 00:50:00,91.34083805372732
2024-01-08 00:55:00,87.18694524673725
2024-01-08 01:00:00,89.7071477375434
2024-01-08 01:05:00,93.1563528018012
2024-01-08 01:10:00,87.51035940956643
2024-01-08 01:15:00,86.31830288855988
2024-01-08 01:20:00,86.67727741428322
2024-01-08 01:25:00,92.79930560875307
2024-01-08 01:30:00,84.68903058174097
2024-01-08 01:35:00,88.15763741409704
2024-01-08 01:40:00,58.99166705840525
2024-01-08 01:45:00,85.0602206166058
2024-01-08 01:50:00,86.57034900839328
2024-01-08 01:55:00,89.95374658862812
2024-01-08 02:00:00,89.17577219473002
2024-01-08 02:05:00,89.30492145707454
2024-01-08 02:10:00,82.84666497014186
2024-01-08 02:15:00,89.53541769355198
2024-01-08 02:20:00,93.82191900411898
2024-01-08 02:25:00,83.527516674999
2024-01-08 02:30:00,85.561381308127
2024-01-08 02:35:00,87.86513672638787
2024-01-08 02:40:00,85.12717830535632
2024-01-08 02:45:00,93.6980822825521
2024-01-08 02:50:00,84.13874559080564
2024-01-08 02:55:00,94.10243441279749
2024-01-08 03:00:00,93.0822896636287
2024-01-08 03:05:00,90.94964855591827
2024-01-08 03:10:00,89.54607946053214
2024-01-08 03:15:00,88.09986401143519
2024-01-08 03:20:00,91.75418258969992
2024-01-08 03:25:00,86.10960914867368
2024-01-08 03:30:00,80.80468654075409
2024-01-08 03:35:00,87.75481499717327
2024-01-08 03:40:00,92.67841788087598
2024-01-08 03:45:00,87.68712416161253
2024-01-08 03:50:00,86.43249976251087
2024-01-08 03:55:00,91.78538386539651
2024-01-08 04:00:00,90.3877315572076
2024-01-08 04:05:00,86.4804959686302
2024-01-08 04:10:00,91.10014822180354
2024-01-08 04:15:00,85.5933365650692
2024-01-08 04:20:00,85.32204722133852
2024-01-08 04:25:00,86.19161511460187
2024-01-08 04:30:00,91.61248442384527
2024-01-08 04:35:00,85.82185492967903
2024-01-08 04:40:00,89.17867426257051
2024-01-08 04:45:00,91.91575360253591
2024-01-08 04:50:00,90.50353780284425
2024-01-08 04:55:00,85.74260373646813
2024-01-08 05:00:00,90.84566686361183
2024-01-08 05:05:00,90.9470337217129
2024-01-08 05:10:00,54.20552355803723
2024-01-08 05:15:00,89.4489612940036
2024-01-08 05:20:00,95.69879637385203
2024-01-08 05:25:00,87.91015053327015
2024-01-08 05:30:00,85.23483969742527
2024-01-08 05:35:00,86.00161553371929
2024-01-08 05:40:00,93.25743305645794
2024-01-08 05:45:00,61.32645760333064
2024-01-08 05:50:00,87.75266969870584
2024-01-08 05:55:00,80.89012740801945
2024-01-08 06:00:00,66.38796461932986
2024-01-08 06:05:00,115.27151365778352
2024-01-08 06:10:00,111.87598586655224
2024-01-08 06:15:00,111.55335898397387
2024-01-08 06:20:00,109.18868845004023
2024-01-08 06:25:00,107.03467685804287
2024-01-08 06:30:00,105.6789767649033
2024-01-08 06:35:00,113.00590703813795
2024-01-08 06:40:00,111.65640662048558
2024-01-08 06:45:00,111.55810804524117
2024-01-08 06:50:00,107.24891440597551
2024-01-08 06:55:00,68.93805798921034
2024-01-08 07:00:00,109.12051532235553
2024-01-08 07:05:00,116.17518648135201
2024-01-08 07:10:00,107.83415343373346
2024-01-08 07:15:00,53.73545056462259
2024-01-08 07:20:00,112.30129436033133
2024-01-08 07:25:00,106.52349141950292
2024-01-08 07:30:00,111.34493068865189
2024-01-08 07:35:00,112.27639479143929
2024-01-08 07:40:00,107.62668211544201
2024-01-08 07:45:00,113.26250547864471
2024-01-08 07:50:00,114.82567420501213
2024-01-08 07:55:00,106.8276637417018
2024-01-08 08:00:00,136.4110075541613
2024-01-08 08:05:00,141.8550361029041
2024-01-08 08:10:00,136.45321254851848
2024-01-08 08:15:00,143.00025685722193
2024-01-08 08:20:00,140.68426601910116
2024-01-08 08:25:00,54.10374285809614
2024-01-08 08:30:00,143.29774517096618
2024-01-08 08:35:00,126.95956476279514
2024-01-08 08:40:00,140.99192161013696
2024-01-08 08:45:00,144.72776614892055
2024-01-08 08:50:00,137.55160009305308
2024-01-08 08:55:00,59.95132166777452
2024-01-08 09:00:00,135.6760853318236
2024-01-08 09:05:00,139.24385225911695
2024-01-08 09:10:00,136.770923538353
2024-01-08 09:15:00,144.46046664903923
2024-01-08 09:20:00,143.75361467443688
2024-01-08 09:25:00,146.99326288754426
2024-01-08 09:30:00,141.95420791922115
2024-01-08 09:35:00,137.02154916896336
2024-01-08 09:40:00,139.17351160124122
2024-01-08 09:45:00,142.48319827025557
2024-01-08 09:50:00,141.96797126759492
2024-01-08 09:55:00,141.9104280400501
2024-01-08 10:00:00,139.12442937009118
2024-01-08 10:05:00,142.35668715151684
2024-01-08 10:10:00,138.34927664165411
2024-01-08 10:15:00,140.31901670786667
2024-01-08 10:20:00,142.62134472692657
2024-01-08 10:25:00,143.13923911102853
2024-01-08 10:30:00,146.31165580990898
2024-01-08 10:35:00,141.11349310280872
2024-01-08 10:40:00,144.38548953636337
2024-01-08 10:45:00,141.1456907561774
2024-01-08 10:50:00,140.98963990316568
2024-01-08 10:55:00,138.41150790220658
2024-01-08 11:00:00,144.8877042413593
2024-01-08 11:05:00,145.71151290495257
2024-01-08 11:10:00,135.7500360607431
2024-01-08 11:15:00,141.88746480713735
2024-01-08 11:20:00,139.9445533479726
2024-01-08 11:25:00,135.57908455185074
2024-01-08 11:30:00,141.42885293151252
2024-01-08 11:35:00,140.54113177553305
2024-01-08 11:40:00,148.56990596828624
2024-01-08 11:45:00,137.42238240400226
2024-01-08 11:50:00,138.1997089776914
2024-01-08 11:55:00,137.07216579848568
2024-01-08 12:00:00,146.632920777539
2024-01-08 12:05:00,151.01727400646269
2024-01-08 12:10:00,146.65659351634406
2024-01-08 12:15:00,147.52182262818073
2024-01-08 12:20:00,150.99077998135266
2024-01-08 12:25:00,146.9646967088293
2024-01-08 12:30:00,149.5993932814139
2024-01-08 12:35:00,148.30516378792493
2024-01-08 12:40:00,153.0474128324549
2024-01-08 12:45:00,154.14929325599886
2024-01-08 12:50:00,147.19506134516885
2024-01-08 12:55:00,63.3709339022797
2024-01-08 13:00:00,149.51189315701365
2024-01-08 13:05:00,150.7174651859556
2024-01-08 13:10:00,145.39704954125975
2024-01-08 13:15:00,145.64279142739412
2024-01-08 13:20:00,145.45965891543412
2024-01-08 13:25:00,143.94442811459433
2024-01-08 13:30:00,149.83936548865537
2024-01-08 13:35:00,151.389933750424
2024-01-08 13:40:00,155.3947741551433
2024-01-08 13:45:00,149.0760453101642
2024-01-08 13:50:00,147.56213861619796
2024-01-08 13:55:00,153.24506053463114
2024-01-08 14:00:00,117.0350098999919
2024-01-08 14:05:00,114.83305442114067
2024-01-08 14:10:00,116.4816146939211
2024-01-08 14:15:00,119.90408904670848
2024-01-08 14:20:00,69.33731100586787
2024-01-08 14:25:00,113.82289729518256
2024-01-08 14:30:00,124.4634510605149
2024-01-08 14:35:00,115.54000308864553
2024-01-08 14:40:00,119.7690666671517
2024-01-08 14:45:00,118.88689893001953
2024-01-08 14:50:00,118.2707262454739
2024-01-08 14:55:00,122.15230309826143
2024-01-08 15:00:00,117.87472788994228
2024-01-08 15:05:00,121.49724368444883
2024-01-08 15:10:00,118.45962534446976
2024-01-08 15:15:00,109.22919722126574
2024-01-08 15:20:00,120.98634413951707
2024-01-08 15:25:00,59.92590251001279
2024-01-08 15:30:00,119.07215426365852
2024-01-08 15:35:00,122.84379897458415
2024-01-08 15:40:00,122.76460986856637
2024-01-08 15:45:00,112.73643779004246
2024-01-08 15:50:00,126.53226234996512
2024-01-08 15:55:00,118.88814736513842
2024-01-08 16:00:00,117.18186496226109
2024-01-08 16:05:00,117.18804134100601
2024-01-08 16:10:00,120.87321885293501
2024-01-08 16:15:00,117.8622333812981
2024-01-08 16:20:00,113.78280204917633
2024-01-08 16:25:00,117.34412424293032
2024-01-08 16:30:00,120.25529174619751
2024-01-08 16:35:00,126.6573684739453
2024-01-08 16:40:00,115.77080604297876
2024-01-08 16:45:00,122.6843577103371
2024-01-08 16:50:00,119.8064351716323
2024-01-08 16:55:00,117.5088193379538
2024-01-08 17:00:00,119.07565929392105
2024-01-08 17:05:00,122.90330331650361
2024-01-08 17:10:00,113.99864460570043
2024-01-08 17:15:00,118.38946325462986
2024-01-08 17:20:00,113.94863068553511
2024-01-08 17:25:00,120.33543624209086
2024-01-08 17:30:00,117.5334493608571
2024-01-08 17:35:00,120.96346158331671
2024-01-08 17:40:00,117.90673298646449
2024-01-08 17:45:00,117.14585371596525
2024-01-08 17:50:00,116.8431571685918
2024-01-08 17:55:00,115.77118701184425
2024-01-08 18:00:00,94.41556119489678
2024-01-08 18:05:00,92.87728949691268
2024-01-08 18:10:00,103.92211548323414
2024-01-08 18:15:00,100.44460130585938
2024-01-08 18:20:00,67.41594344676227
2024-01-08 18:25:00,92.29272552450092
2024-01-08 18:30:00,93.99573347311136
2024-01-08 18:35:00,90.9491913532926
2024-01-08 18:40:00,103.74832248998449
2024-01-08 18:45:00,103.73340648000297
2024-01-08 18:50:00,93.57490250761184
2024-01-08 18:55:00,97.99464658588717
2024-01-08 19:00:00,97.13860996124025
2024-01-08 19:05:00,93.91305831953198
2024-01-08 19:10:00,97.81564865648929
2024-01-08 19:15:00,95.67840380543278
2024-01-08 19:20:00,98.07607057255727
2024-01-08 19:25:00,104.67212398037864
2024-01-08 19:30:00,108.0899348629372
2024-01-08 19:35:00,99.67244867395667
2024-01-08 19:40:00,98.20458329524983
2024-01-08 19:45:00,103.48657755821579
2024-01-08 19:50:00,92.65116006416898
2024-01-08 19:55:00,100.34935062509432
2024-01-08 20:00:00,99.82307471023132
2024-01-08 20:05:00,101.56146793323049
2024-01-08 20:10:00,102.63378862409058
2024-01-08 20:15:00,95.94324322547259
2024-01-08 20:20:00,103.59148879180708
2024-01-08 20:25:00,98.8991885738516
2024-01-08 20:30:00,98.64779493309447
2024-01-08 20:35:00,98.97820595858462
2024-01-08 20:40:00,53.37198096868074
2024-01-08 20:45:00,101.60586577950573
2024-01-08 20:50:00,102.87288836583072
2024-01-08 20:55:00,52.40318517471244
2024-01-08 21:00:00,103.62513982814798
2024-01-08 21:05:00,98.5285471137368
2024-01-08 21:10:00,103.2584165485098
2024-01-08 21:15:00,99.55976550177306
2024-01-08 21:20:00,101.35068421261423
2024-01-08 21:25:00,97.42505872507337
2024-01-08 21:30:00,95.58977336313296
2024-01-08 21:35:00,102.08316283757178
2024-01-08 21:40:00,94.5395789687614
2024-01-08 21:45:00,101.22216866661287
2024-01-08 21:50:00,98.32375271789314
2024-01-08 21:55:00,104.94012473799803
2024-01-08 22:00:00,101.40698989217891
2024-01-08 22:05:00,104.15900371243623
2024-01-08 22:10:00,98.9039487848644
2024-01-08 22:15:00,94.30754240518655
2024-01-08 22:20:00,97.01550707251374
2024-01-08 22:25:00,97.35435833158336
2024-01-08 22:30:00,99.03104212020015
2024-01-08 22:35:00,104.09238340782694
2024-01-08 22:40:00,105.60165327627728
2024-01-08 22:45:00,98.96982786041163
2024-01-08 22:50:00,95.53521400284508
2024-01-08 22:55:00,105.81447139371538
2024-01-08 23:00:00,100.29204700068682
2024-01-08 23:05:00,103.2259155292713
2024-01-08 23:10:00,104.51821691242978
2024-01-08 23:15:00,102.26599728725262
2024-01-08 23:20:00,98.06628865210004
2024-01-08 23:25:00,101.62028256477925
2024-01-08 23:30:00,100.92101114794887
2024-01-08 23:35:00,101.7282102063764
2024-01-08 23:40:00,101.7629061108752
2024-01-08 23:45:00,101.33683507264712
2024-01-08 23:50:00,50.621137520703115
2024-01-08 23:55:00,105.18778527520382
2024-01-09 00:00:00,88.81066384743718
2024-01-09 00:05:00,88.18525457617935
2024-01-09 00:10:00,90.40750779657255
2024-01-09 00:15:00,91.53310827464144
2024-01-09 00:20:00,87.06101350683892
2024-01-09 00:25:00,100.91759633230637
2024-01-09 00:30:00,88.31189155220417
2024-01-09 00:35:00,87.94606536098355
2024-01-09 00:40:00,88.78292910916294
2024-01-09 00:45:00,83.69453239271306
2024-01-09 00:50:00,88.88819001010329
2024-01-09 00:55:00,89.45198532703068
2024-01-09 01:00:00,86.49295499636135
2024-01-09 01:05:00,90.95727115535148
2024-01-09 01:10:00,90.21432297860267
2024-01-09 01:15:00,87.27668499858974
2024-01-09 01:20:00,96.83791318701104
2024-01-09 01:25:00,87.59465754332663
2024-01-09 01:30:00,93.8416290598255
2024-01-09 01:35:00,83.93521042913856
2024-01-09 01:40:00,56.82095745661247
2024-01-09 01:45:00,92.95506583425829
2024-01-09 01:50:00,85.28395944279839
2024-01-09 01:55:00,89.01196108842258
2024-01-09 02:00:00,84.97505302177157
2024-01-09 02:05:00,85.84175726586336
2024-01-09 02:10:00,52.4610424718065
2024-01-09 02:15:00,87.53145606547723
2024-01-09 02:20:00,92.79463992003556
2024-01-09 02:25:00,85.90736455814151
2024-01-09 02:30:00,92.9014262919788
2024-01-09 02:35:00,82.05298951233164
2024-01-09 02:40:00,91.80990269629416
2024-01-09 02:45:00,85.65544259048126
2024-01-09 02:50:00,85.27554084013671
2024-01-09 02:55:00,91.65984387963512
2024-01-09 03:00:00,91.01197766101892
2024-01-09 03:05:00,88.24089337646092
2024-01-09 03:10:00,94.33496551297613
2024-01-09 03:15:00,87.87179020612409
2024-01-09 03:20:00,56.06439093437182
2024-01-09 03:25:00,91.52503127852034
2024-01-09 03:30:00,81.65810026829922
2024-01-09 03:35:00,88.32762668821907
2024-01-09 03:40:00,90.1167155789
2024-01-09 03:45:00,85.60404654688834
2024-01-09 03:50:00,93.09818686775158
2024-01-09 03:55:00,92.42221861339814
2024-01-09 04:00:00,88.73502516965553
2024-01-09 04:05:00,85.1331288221601
2024-01-09 04:10:00,86.89749191967154
2024-01-09 04:15:00,93.57918453579403
2024-01-09 04:20:00,93.30355663661169
2024-01-09 04:25:00,90.05809286108786
2024-01-09 04:30:00,85.92438200025467
2024-01-09 04:35:00,89.49168562553098
2024-01-09 04:40:00,92.02365497782809
2024-01-09 04:45:00,88.89477399351283
2024-01-09 04:50:00,54.89599746003452
2024-01-09 04:55:00,90.34131485299206
2024-01-09 05:00:00,90.28355140039697
2024-01-09 05:05:00,95.22953326322086
2024-01-09 05:10:00,87.78711827382473
2024-01-09 05:15:00,89.67256145919134
2024-01-09 05:20:00,88.74389925546691
2024-01-09 05:25:00,85.93318253843722
2024-01-09 05:30:00,95.15254354339785
2024-01-09 05:35:00,88.38110954057201
2024-01-09 05:40:00,93.05298317660034
2024-01-09 05:45:00,90.23539387074611
2024-01-09 05:50:00,67.57762291825705
2024-01-09 05:55:00,86.5703199614545
2024-01-09 06:00:00,108.47614005022187
2024-01-09 06:05:00,107.75182762741125
2024-01-09 06:10:00,114.32327899778599
2024-01-09 06:15:00,106.96314788108984
2024-01-09 06:20:00,104.99443122610862
2024-01-09 06:25:00,113.91748654124694
2024-01-09 06:30:00,113.86614447620352
2024-01-09 06:35:00,104.73966676117561
2024-01-09 06:40:00,106.21940815882401
2024-01-09 06:45:00,115.30069149648463
2024-01-09 06:50:00,112.58608469093102
2024-01-09 06:55:00,110.94986935130511
2024-01-09 07:00:00,111.78864520619159
2024-01-09 07:05:00,114.35168057140034
2024-01-09 07:10:00,114.97715019968652
2024-01-09 07:15:00,112.44374516554123
2024-01-09 07:20:00,105.72921418677966
2024-01-09 07:25:00,110.82340507341794
2024-01-09 07:30:00,112.2939640108929
2024-01-09 07:35:00,108.24774771890189
2024-01-09 07:40:00,107.96706182112203
2024-01-09 07:45:00,110.1426887029341
2024-01-09 07:50:00,114.55868333808738
2024-01-09 07:55:00,109.21743924519662
2024-01-09 08:00:00,143.81841973420094
2024-01-09 08:05:00,135.49812841618427
2024-01-09 08:10:00,146.64775635006123
2024-01-09 08:15:00,135.13993856253492
2024-01-09 08:20:00,142.23761489051157
2024-01-09 08:25:00,145.1710492966514
2024-01-09 08:30:00,136.97304261979556
2024-01-09 08:35:00,132.60291428463034
2024-01-09 08:40:00,137.8841424625352
2024-01-09 08:45:00,146.06107447592407
2024-01-09 08:50:00,140.04123653264645
2024-01-09 08:55:00,142.02984445893367
2024-01-09 09:00:00,135.4759695652719
2024-01-09 09:05:00,138.59010151095413
2024-01-09 09:10:00,138.7822104618216
2024-01-09 09:15:00,143.9499040913359
2024-01-09 09:20:00,143.24188816435952
2024-01-09 09:25:00,140.62217624080034
2024-01-09 09:30:00,137.11428681923846
2024-01-09 09:35:00,138.21819557306722
2024-01-09 09:40:00,139.35761481808038
2024-01-09 09:45:00,140.75484518954713
2024-01-09 09:50:00,137.7733531328884
2024-01-09 09:55:00,137.38691172080772
2024-01-09 10:00:00,146.00405558189405
2024-01-09 10:05:00,140.2956479290237
2024-01-09 10:10:00,135.50860648913584
2024-01-09 10:15:00,140.42789355967255
2024-01-09 10:20:00,132.1610925187225
2024-01-09 10:25:00,130.88825990986146
2024-01-09 10:30:00,138.56915498625312
2024-01-09 10:35:00,136.46583689777586
2024-01-09 10:40:00,144.11667432759134
2024-01-09 10:45:00,139.9385045374776
2024-01-09 10:50:00,137.33433048950027
2024-01-09 10:55:00,136.50231773085903
2024-01-09 11:00:00,133.609383136876
2024-01-09 11:05:00,133.974077793439
2024-01-09 11:10:00,136.18848502440278
2024-01-09 11:15:00,135.43007739423794
2024-01-09 11:20:00,139.63037358496612
2024-01-09 11:25:00,136.8516063788261
2024-01-09 11:30:00,138.83764373966238
2024-01-09 11:35:00,138.18853738772435
2024-01-09 11:40:00,142.38275643132786
2024-01-09 11:45:00,135.30340338830484
2024-01-09 11:50:00,137.48767835684006
2024-01-09 11:55:00,135.3230561600686
2024-01-09 12:00:00,148.8684947479431
2024-01-09 12:05:00,153.90662473845532
2024-01-09 12:10:00,148.60220567728717
2024-01-09 12:15:00,148.79286371084314
2024-01-09 12:20:00,149.76847174833864
2024-01-09 12:25:00,151.3566159976857
2024-01-09 12:30:00,150.72464012314884
2024-01-09 12:35:00,151.82744273610788
2024-01-09 12:40:00,151.80017551093948
2024-01-09 12:45:00,148.1797232368172
2024-01-09 12:50:00,155.23798877668355
2024-01-09 12:55:00,149.07890553801002
2024-01-09 13:00:00,146.56994759799048
2024-01-09 13:05:00,149.19736601129617
2024-01-09 13:10:00,151.03562818993606
2024-01-09 13:15:00,152.53798426872387
2024-01-09 13:20:00,149.75941228382223
2024-01-09 13:25:00,151.0895452883466
2024-01-09 13:30:00,147.4665189190804
2024-01-09 13:35:00,142.5363893009324
2024-01-09 13:40:00,151.59174137122264
2024-01-09 13:45:00,152.52776396635986
2024-01-09 13:50:00,147.75151795323154
2024-01-09 13:55:00,145.2303974215532
2024-01-09 14:00:00,120.08513916359665
2024-01-09 14:05:00,123.12002387688118
2024-01-09 14:10:00,123.87584526695414
2024-01-09 14:15:00,124.02814679481374
2024-01-09 14:20:00,110.75168320261214
2024-01-09 14:25:00,124.30336825070725
2024-01-09 14:30:00,120.90252374383819
2024-01-09 14:35:00,122.87672071615842
2024-01-09 14:40:00,117.89982766318356
2024-01-09 14:45:00,115.12824539981249
2024-01-09 14:50:00,119.52214548745876
2024-01-09 14:55:00,114.82974337679244
2024-01-09 15:00:00,124.01759956679753
2024-01-09 15:05:00,119.04751879738396
2024-01-09 15:10:00,112.20475458657079
2024-01-09 15:15:00,120.30396539228086
2024-01-09 15:20:00,116.44543309247089
2024-01-09 15:25:00,117.59638726769758
2024-01-09 15:30:00,121.06045746277807
2024-01-09 15:35:00,118.943951342593
2024-01-09 15:40:00,123.89726414626833
2024-01-09 15:45:00,124.1375794493115
2024-01-09 15:50:00,121.80027943516018
2024-01-09 15:55:00,129.2752964821532
2024-01-09 16:00:00,115.25466117443496
2024-01-09 16:05:00,120.613302137522
2024-01-09 16:10:00,117.39278455370915
2024-01-09 16:15:00,65.5081902918499
2024-01-09 16:20:00,120.13814287560257
2024-01-09 16:25:00,116.1102463085764
2024-01-09 16:30:00,52.60681447138144
2024-01-09 16:35:00,117.29843797146872
2024-01-09 16:40:00,119.06251103689972
2024-01-09 16:45:00,119.08135400286685
2024-01-09 16:50:00,115.06684075480004
2024-01-09 16:55:00,123.43882436176935
2024-01-09 17:00:00,126.67684731179202
2024-01-09 17:05:00,119.48107521596565
2024-01-09 17:10:00,118.63804731807514
2024-01-09 17:15:00,122.06988810807863
2024-01-09 17:20:00,120.20729596989277
2024-01-09 17:25:00,119.77556764824556
2024-01-09 17:30:00,114.4217533510841
2024-01-09 17:35:00,115.78783251153293
2024-01-09 17:40:00,119.93144626918749
2024-01-09 17:45:00,118.48467311972018
2024-01-09 17:50:00,120.0333979876286
2024-01-09 17:55:00,124.20292244466658
2024-01-09 18:00:00,97.09678750795669
2024-01-09 18:05:00,100.17361861493674
2024-01-09 18:10:00,98.13181806795895
2024-01-09 18:15:00,94.40367613114796
2024-01-09 18:20:00,102.08650302956889
2024-01-09 18:25:00,97.80278043634722
2024-01-09 18:30:00,101.25445672291532
2024-01-09 18:35:00,101.94162080252649
2024-01-09 18:40:00,96.91440748277586
2024-01-09 18:45:00,99.27034109977785
2024-01-09 18:50:00,104.57906276732041
2024-01-09 18:55:00,103.72288311886085
2024-01-09 19:00:00,97.1327309780727
2024-01-09 19:05:00,101.85359845932082
2024-01-09 19:10:00,103.84433045846714
2024-01-09 19:15:00,93.1883082043357
2024-01-09 19:20:00,92.55496504140982
2024-01-09 19:25:00,103.26209515779917
2024-01-09 19:30:00,99.64482357477291
2024-01-09 19:35:00,102.75893850978974
2024-01-09 19:40:00,102.79977079276514
2024-01-09 19:45:00,102.78704111774472
2024-01-09 19:50:00,102.52079672443948
2024-01-09 19:55:00,92.38663665886149
2024-01-09 20:00:00,100.05090803372491
2024-01-09 20:05:00,99.64542064743611
2024-01-09 20:10:00,99.29071754183175
2024-01-09 20:15:00,100.5681881608693
2024-01-09 20:20:00,101.88602591804248
2024-01-09 20:25:00,104.60272489730525
2024-01-09 20:30:00,99.9604517787559
2024-01-09 20:35:00,105.59622496841878
2024-01-09 20:40:00,94.1206933946762
2024-01-09 20:45:00,101.41350947787737
2024-01-09 20:50:00,96.09925799951252
2024-01-09 20:55:00,100.2724480753296
2024-01-09 21:00:00,102.54817402170234
2024-01-09 21:05:00,102.4302286669753
2024-01-09 21:10:00,62.08977964516919
2024-01-09 21:15:00,101.27503443050877
2024-01-09 21:20:00,99.86444775592312
2024-01-09 21:25:00,58.184991475707946
2024-01-09 21:30:00,102.73417562979857
2024-01-09 21:35:00,107.79547932243229
2024-01-09 21:40:00,95.07608255649328
2024-01-09 21:45:00,100.31769290044686
2024-01-09 21:50:00,99.06426553396837
2024-01-09 21:55:00,95.33428200726647
2024-01-09 22:00:00,99.92212732193305
2024-01-09 22:05:00,97.68767128476621
2024-01-09 22:10:00,102.65562225988914
2024-01-09 22:15:00,98.36444147945522
2024-01-09 22:20:00,105.03844269276532
2024-01-09 22:25:00,99.7061285396857
2024-01-09 22:30:00,96.60603543576092
2024-01-09 22:35:00,98.34701515945991
2024-01-09 22:40:00,106.06467871907759
2024-01-09 22:45:00,97.24200535343759
2024-01-09 22:50:00,98.95179426645039
2024-01-09 22:55:00,97.03237115404255
2024-01-09 23:00:00,100.01301944837934
2024-01-09 23:05:00,60.378747285295134
2024-01-09 23:10:00,101.61283133478699
2024-01-09 23:15:00,101.86271847708488
2024-01-09 23:20:00,95.49456557241146
2024-01-09 23:25:00,103.47867679969289
2024-01-09 23:30:00,99.42475840432373
2024-01-09 23:35:00,98.19985681795447
2024-01-09 23:40:00,104.63697189141408
2024-01-09 23:45:00,95.89550106756523
2024-01-09 23:50:00,94.97984742967671
2024-01-09 23:55:00,103.33481943497043
2024-01-10 00:00:00,84.60909273410579
2024-01-10 00:05:00,90.81344804393513
2024-01-10 00:10:00,90.24116045991538
2024-01-10 00:15:00,98.01938281334021
2024-01-10 00:20:00,88.44317428101878
2024-01-10 00:25:00,87.66431000841558
2024-01-10 00:30:00,88.86050874140179
2024-01-10 00:35:00,90.80134981572665
2024-01-10 00:40:00,85.49390921528598
2024-01-10 00:45:00,63.42736017793591
2024-01-10 00:50:00,92.93204547633427
2024-01-10 00:55:00,86.59792743194834
2024-01-10 01:00:00,85.83061708023793
2024-01-10 01:05:00,92.1170506591831
2024-01-10 01:10:00,91.55774672771715
2024-01-10 01:15:00,95.50468640672136
2024-01-10 01:20:00,89.87312862956344
2024-01-10 01:25:00,88.71315972623327
2024-01-10 01:30:00,87.10859385319003
2024-01-10 01:35:00,86.64146195187433
2024-01-10 01:40:00,84.64251427068126
2024-01-10 01:45:00,93.19975372618335
2024-01-10 01:50:00,88.54615702694892
2024-01-10 01:55:00,92.0363482481625
2024-01-10 02:00:00,96.29469557276843
2024-01-10 02:05:00,89.0173147258229
2024-01-10 02:10:00,88.02505664477985
2024-01-10 02:15:00,85.0646857752307
2024-01-10 02:20:00,91.25367990844892
2024-01-10 02:25:00,95.62527780589876
2024-01-10 02:30:00,88.41322599534432
2024-01-10 02:35:00,89.97132043615471
2024-01-10 02:40:00,64.6490925826746
2024-01-10 02:45:00,94.32423812724139
2024-01-10 02:50:00,68.40227626645257
2024-01-10 02:55:00,87.71330903092168
2024-01-10 03:00:00,88.15599962784678
2024-01-10 03:05:00,92.77165361831152
2024-01-10 03:10:00,93.69181167724047
2024-01-10 03:15:00,91.29744969010825
2024-01-10 03:20:00,88.27720234710172
2024-01-10 03:25:00,68.49302210810362
2024-01-10 03:30:00,87.43105892068816
2024-01-10 03:35:00,86.68622452958753
2024-01-10 03:40:00,89.78127627075071
2024-01-10 03:45:00,95.04402136491133
2024-01-10 03:50:00,87.84470848354769
2024-01-10 03:55:00,89.43077626889732
2024-01-10 04:00:00,86.23732727751015
2024-01-10 04:05:00,91.2610019765646
2024-01-10 04:10:00,93.74571049879324
2024-01-10 04:15:00,96.93926395692642
2024-01-10 04:20:00,90.67931323074241
2024-01-10 04:25:00,91.85228497845337
2024-01-10 04:30:00,87.36800834105064
2024-01-10 04:35:00,93.32969421016136
2024-01-10 04:40:00,88.98435896438588
2024-01-10 04:45:00,90.29003499523535
2024-01-10 04:50:00,88.65363118641076
2024-01-10 04:55:00,90.64699611636603
2024-01-10 05:00:00,88.05486184134139
2024-01-10 05:05:00,89.33430169545443
2024-01-10 05:10:00,84.06004627377744
2024-01-10 05:15:00,91.09693053265379
2024-01-10 05:20:00,90.29109212632024
2024-01-10 05:25:00,88.4094607056171
2024-01-10 05:30:00,89.74571586038665
2024-01-10 05:35:00,88.13120213604552
2024-01-10 05:40:00,93.07407278961442
2024-01-10 05:45:00,87.72377660927887
2024-01-10 05:50:00,61.136242862814804
2024-01-10 05:55:00,94.86473548110324
2024-01-10 06:00:00,108.89128000844823
2024-01-10 06:05:00,106.9690180889573
2024-01-10 06:10:00,115.7766483598128
2024-01-10 06:15:00,115.22735224561234
2024-01-10 06:20:00,109.56531694062974
2024-01-10 06:25:00,110.6480155455195
2024-01-10 06:30:00,108.58133772515343
2024-01-10 06:35:00,103.06833157450819
2024-01-10 06:40:00,107.6400881306256
2024-01-10 06:45:00,112.70198789427099
2024-01-10 06:50:00,111.04774124413483
2024-01-10 06:55:00,106.20217436788177
2024-01-10 07:00:00,108.5347599273844
2024-01-10 07:05:00,109.17774332751077
2024-01-10 07:10:00,110.12137514958594
2024-01-10 07:15:00,105.68198727857013
2024-01-10 07:20:00,106.15408369502138
2024-01-10 07:25:00,109.78190387724521
2024-01-10 07:30:00,113.39984310242326
2024-01-10 07:35:00,110.38072938017248
2024-01-10 07:40:00,104.4465016705779
2024-01-10 07:45:00,57.94455059132465
2024-01-10 07:50:00,111.92087210186297
2024-01-10 07:55:00,109.04868027405684
2024-01-10 08:00:00,141.48260053888075
2024-01-10 08:05:00,136.48697275470877
2024-01-10 08:10:00,143.003219436968
2024-01-10 08:15:00,135.97936816924508
2024-01-10 08:20:00,142.0467095337666
2024-01-10 08:25:00,136.3199997248964
2024-01-10 08:30:00,143.5963568355532
2024-01-10 08:35:00,135.48758895585468
2024-01-10 08:40:00,140.01034896200684
2024-01-10 08:45:00,136.33366656801505
2024-01-10 08:50:00,137.07766574982836
2024-01-10 08:55:00,137.611313980195
2024-01-10 09:00:00,142.2861100336762
2024-01-10 09:05:00,136.6986503991109
2024-01-10 09:10:00,139.47978614459447
2024-01-10 09:15:00,137.1463810912146
2024-01-10 09:20:00,138.66654073917107
2024-01-10 09:25:00,150.23408269707787
2024-01-10 09:30:00,133.35857648921174
2024-01-10 09:35:00,142.89651152714552
2024-01-10 09:40:00,140.58723591957903
2024-01-10 09:45:00,145.42630020054258
2024-01-10 09:50:00,139.09499917985448
2024-01-10 09:55:00,139.55274546245815
2024-01-10 10:00:00,140.92335720749998
2024-01-10 10:05:00,142.34525197107047
2024-01-10 10:10:00,141.7193735597635
2024-01-10 10:15:00,133.1985858870972
2024-01-10 10:20:00,135.38955775495603
2024-01-10 10:25:00,137.73210076517609
2024-01-10 10:30:00,139.7328027065678
2024-01-10 10:35:00,146.51476491914724
2024-01-10 10:40:00,142.67061070795066
2024-01-10 10:45:00,140.46160314803208
2024-01-10 10:50:00,140.31855272285446
2024-01-10 10:55:00,135.20759674395845
2024-01-10 11:00:00,136.36280379891014
2024-01-10 11:05:00,144.71658239375554
2024-01-10 11:10:00,58.586455314083906
2024-01-10 11:15:00,138.46146769503704
2024-01-10 11:20:00,144.7435539762082
2024-01-10 11:25:00,69.07841607693445
2024-01-10 11:30:00,146.89765269464868
2024-01-10 11:35:00,140.5808861707711
2024-01-10 11:40:00,144.00290860842543
2024-01-10 11:45:00,142.17501100806427
2024-01-10 11:50:00,137.73584877797268
2024-01-10 11:55:00,56.58833314748886
2024-01-10 12:00:00,159.02444417920012
2024-01-10 12:05:00,151.13250383576028
2024-01-10 12:10:00,154.79426896561253
2024-01-10 12:15:00,152.1447210433031
2024-01-10 12:20:00,149.77084574088738
2024-01-10 12:25:00,153.81640184411148
2024-01-10 12:30:00,155.39713617094014
2024-01-10 12:35:00,151.6801852937689
2024-01-10 12:40:00,146.53354997643646
2024-01-10 12:45:00,148.98759567253043
2024-01-10 12:50:00,149.825642455238
2024-01-10 12:55:00,147.1331337714452
2024-01-10 13:00:00,146.51148726661916
2024-01-10 13:05:00,156.35237453038647
2024-01-10 13:10:00,149.63525291540205
2024-01-10 13:15:00,146.83148116607364
2024-01-10 13:20:00,155.00948793034854
2024-01-10 13:25:00,151.87384489961275
2024-01-10 13:30:00,149.2653560252991
2024-01-10 13:35:00,150.91765648385385
2024-01-10 13:40:00,155.81584976414078
2024-01-10 13:45:00,145.8277954494737
2024-01-10 13:50:00,160.38415094649073
2024-01-10 13:55:00,151.38782535245485
2024-01-10 14:00:00,118.06534597121778
2024-01-10 14:05:00,123.66811816256303
2024-01-10 14:10:00,117.37140521961798
2024-01-10 14:15:00,116.04365979988118
2024-01-10 14:20:00,119.7853173192087
2024-01-10 14:25:00,118.5484235990015
2024-01-10 14:30:00,119.08947856726887
2024-01-10 14:35:00,119.91909049568282
2024-01-10 14:40:00,116.58305851348423
2024-01-10 14:45:00,120.47159300559342
2024-01-10 14:50:00,124.02094925686113
2024-01-10 14:55:00,122.0478882714834
2024-01-10 15:00:00,117.45377656309151
2024-01-10 15:05:00,113.48553183051918
2024-01-10 15:10:00,122.8471828450178
2024-01-10 15:15:00,122.3360306219574
2024-01-10 15:20:00,120.66526267956763
2024-01-10 15:25:00,120.31085012714834
2024-01-10 15:30:00,126.32575190497607
2024-01-10 15:35:00,116.3491345792471
2024-01-10 15:40:00,128.17287128119372
2024-01-10 15:45:00,124.85928505673937
2024-01-10 15:50:00,118.45673891034482
2024-01-10 15:55:00,121.34739266053596
2024-01-10 16:00:00,56.01311281121488
2024-01-10 16:05:00,114.53467012040574
2024-01-10 16:10:00,120.74611508456485
2024-01-10 16:15:00,121.47388309602867
2024-01-10 16:20:00,118.82920286868654
2024-01-10 16:25:00,109.11308551386297
2024-01-10 16:30:00,63.73854833548605
2024-01-10 16:35:00,118.03100651608783
2024-01-10 16:40:00,115.67082954243331
2024-01-10 16:45:00,115.8107969200046
2024-01-10 16:50:00,124.67113371941892
2024-01-10 16:55:00,118.28102377731062
2024-01-10 17:00:00,115.25639126504404
2024-01-10 17:05:00,122.54694871572444
2024-01-10 17:10:00,120.7603949517194
2024-01-10 17:15:00,120.10065667459452
2024-01-10 17:20:00,122.02563770921985
2024-01-10 17:25:00,120.93816529353921
2024-01-10 17:30:00,119.25782906719657
2024-01-10 17:35:00,114.72246192385907
2024-01-10 17:40:00,121.61092635871823
2024-01-10 17:45:00,121.6408964567575
2024-01-10 17:50:00,119.79722738072742
2024-01-10 17:55:00,120.97842260634931
2024-01-10 18:00:00,99.24599792803356
2024-01-10 18:05:00,64.7128532002273
2024-01-10 18:10:00,96.09503786871963
2024-01-10 18:15:00,102.45543532927674
2024-01-10 18:20:00,97.94619256607189
2024-01-10 18:25:00,97.11786798474566
2024-01-10 18:30:00,102.92696948487695
2024-01-10 18:35:00,53.72633553037067
2024-01-10 18:40:00,93.2123381282482
2024-01-10 18:45:00,56.969559515913105
2024-01-10 18:50:00,105.34143540574418
2024-01-10 18:55:00,100.84980789168546
2024-01-10 19:00:00,103.81692097802691
2024-01-10 19:05:00,101.58044128649254
2024-01-10 19:10:00,98.08409156026543
2024-01-10 19:15:00,96.66182199685261
2024-01-10 19:20:00,99.04011420332162
2024-01-10 19:25:00,95.63780322030154
2024-01-10 19:30:00,97.25215693394013
2024-01-10 19:35:00,101.6827260942558
2024-01-10 19:40:00,97.48147263872607
2024-01-10 19:45:00,101.39505712119296
2024-01-10 19:50:00,90.88120421759109
2024-01-10 19:55:00,98.61510665050203
2024-01-10 20:00:00,92.77682706551971
2024-01-10 20:05:00,98.3819304269188
2024-01-10 20:10:00,105.63725154309141
2024-01-10 20:15:00,103.99727332584465
2024-01-10 20:20:00,106.4359895245792
2024-01-10 20:25:00,97.7314186881613
2024-01-10 20:30:00,102.58114943096339
2024-01-10 20:35:00,98.14395834119048
2024-01-10 20:40:00,104.56325023924485
2024-01-10 20:45:00,95.86355428219849
2024-01-10 20:50:00,95.60819318299407
2024-01-10 20:55:00,104.51219997066389
2024-01-10 21:00:00,103.17092281694191
2024-01-10 21:05:00,92.84195607278508
2024-01-10 21:10:00,94.58942595274897
2024-01-10 21:15:00,65.44995692192627
2024-01-10 21:20:00,99.1392239525454
2024-01-10 21:25:00,104.03654297463815
2024-01-10 21:30:00,104.95298890084094
2024-01-10 21:35:00,101.3019772168467
2024-01-10 21:40:00,95.49003808807832
2024-01-10 21:45:00,100.91138558534352
2024-01-10 21:50:00,96.82261748295579
2024-01-10 21:55:00,98.21496382668778
2024-01-10 22:00:00,99.67099036023944
2024-01-10 22:05:00,96.29221892497486
2024-01-10 22:10:00,98.89045277598282
2024-01-10 22:15:00,59.67186096208658
2024-01-10 22:20:00,97.20998895243837
2024-01-10 22:25:00,104.20317370301285
2024-01-10 22:30:00,98.55598861769867
2024-01-10 22:35:00,97.01150295039135
2024-01-10 22:40:00,107.97719191202799
2024-01-10 22:45:00,97.63248918449482
2024-01-10 22:50:00,97.97236033416601
2024-01-10 22:55:00,98.51676177882179
2024-01-10 23:00:00,102.45073105208648
2024-01-10 23:05:00,95.9648325355752
2024-01-10 23:10:00,96.13143440593278
2024-01-10 23:15:00,104.3292770741277
2024-01-10 23:20:00,94.82843205908617
2024-01-10 23:25:00,92.35174340832512
2024-01-10 23:30:00,96.63250446562418
2024-01-10 23:35:00,105.45517205345385
2024-01-10 23:40:00,100.6427126150461
2024-01-10 23:45:00,102.20495943965133
2024-01-10 23:50:00,99.86807536780695
2024-01-10 23:55:00,98.0411136023938
2024-01-11 00:00:00,86.0955384339233
2024-01-11 00:05:00,86.9821191655577
2024-01-11 00:10:00,88.64898637111368
2024-01-11 00:15:00,92.64646104693452
2024-01-11 00:20:00,90.62935197704725
2024-01-11 00:25:00,94.55404367958697
2024-01-11 00:30:00,95.60352257029123
2024-01-11 00:35:00,90.39933587215332
2024-01-11 00:40:00,91.66960423319021
2024-01-11 00:45:00,68.6555824937547
2024-01-11 00:50:00,87.02525542865935
2024-01-11 00:55:00,85.9135996537436
2024-01-11 01:00:00,91.9081361085647
2024-01-11 01:05:00,90.50501967717723
2024-01-11 01:10:00,89.11877456813929
2024-01-11 01:15:00,85.69386085875682
2024-01-11 01:20:00,88.21624711033142
2024-01-11 01:25:00,88.98035874824242
2024-01-11 01:30:00,90.56083740674629
2024-01-11 01:35:00,93.81589796596985
2024-01-11 01:40:00,85.577525087528
2024-01-11 01:45:00,55.05709957525117
2024-01-11 01:50:00,96.98027634297551
2024-01-11 01:55:00,93.28642025938748
2024-01-11 02:00:00,90.5358697864837
2024-01-11 02:05:00,96.93542190309223
2024-01-11 02:10:00,95.63540138757503
2024-01-11 02:15:00,88.2576353751307
2024-01-11 02:20:00,89.44547122561208
2024-01-11 02:25:00,96.49362014057968
2024-01-11 02:30:00,83.29110140195372
2024-01-11 02:35:00,95.01330356823159
2024-01-11 02:40:00,92.84491171720366
2024-01-11 02:45:00,93.70167588084391
2024-01-11 02:50:00,91.16962062327354
2024-01-11 02:55:00,88.9073158521888
2024-01-11 03:00:00,89.02350591038658
2024-01-11 03:05:00,91.32362607995505
2024-01-11 03:10:00,98.03654533089977
2024-01-11 03:15:00,92.80187644921136
2024-01-11 03:20:00,87.84756214660513
2024-01-11 03:25:00,89.8128576818849
2024-01-11 03:30:00,86.35954388360086
2024-01-11 03:35:00,86.39531287383373
2024-01-11 03:40:00,86.29313781485862
2024-01-11 03:45:00,90.37375328199853
2024-01-11 03:50:00,87.51019771729649
2024-01-11 03:55:00,92.40090134541134
2024-01-11 04:00:00,86.15299384182661
2024-01-11 04:05:00,94.7453708817707
2024-01-11 04:10:00,95.42178986933898
2024-01-11 04:15:00,86.86601324730613
2024-01-11 04:20:00,91.84654017334837
2024-01-11 04:25:00,94.58101726233402
2024-01-11 04:30:00,88.36292558832757
2024-01-11 04:35:00,58.67870499262747
2024-01-11 04:40:00,93.51774767583309
2024-01-11 04:45:00,88.42602582857883
2024-01-11 04:50:00,88.60067836351404
2024-01-11 04:55:00,56.07020249756223
2024-01-11 05:00:00,93.0821406839422
2024-01-11 05:05:00,90.37631356946353
2024-01-11 05:10:00,84.93004305549043
2024-01-11 05:15:00,82.66248510740492
2024-01-11 05:20:00,85.23913313261895
2024-01-11 05:25:00,90.16873929304393
2024-01-11 05:30:00,89.8643395457072
2024-01-11 05:35:00,96.93288761415525
2024-01-11 05:40:00,94.58582168726403
2024-01-11 05:45:00,89.19999847961374
2024-01-11 05:50:00,86.64358781833509
2024-01-11 05:55:00,91.07150496185248
2024-01-11 06:00:00,110.36463068594958
2024-01-11 06:05:00,108.10014841722496
2024-01-11 06:10:00,104.48166325528105
2024-01-11 06:15:00,110.10290912487044
2024-01-11 06:20:00,105.86271397496529
2024-01-11 06:25:00,106.45340019778294
2024-01-11 06:30:00,112.01190773791559
2024-01-11 06:35:00,62.877358551102525
2024-01-11 06:40:00,111.79134172826348
2024-01-11 06:45:00,111.2024296808863
2024-01-11 06:50:00,108.54084303841027
2024-01-11 06:55:00,110.02484671613307
2024-01-11 07:00:00,112.90426826521147
2024-01-11 07:05:00,111.35447848232974
2024-01-11 07:10:00,105.81149748613326
2024-01-11 07:15:00,106.17363199003486
2024-01-11 07:20:00,109.11484325202085
2024-01-11 07:25:00,65.14301160614879
2024-01-11 07:30:00,113.73120850112079
2024-01-11 07:35:00,103.89338970689822
2024-01-11 07:40:00,112.13703997772488
2024-01-11 07:45:00,105.18611239737068
2024-01-11 07:50:00,61.66390323766092
2024-01-11 07:55:00,107.99892193132249
2024-01-11 08:00:00,145.01037946634415
2024-01-11 08:05:00,140.102568682806
2024-01-11 08:10:00,136.31787569365858
2024-01-11 08:15:00,149.00230129345616
2024-01-11 08:20:00,138.96059346383322
2024-01-11 08:25:00,143.65033031560728
2024-01-11 08:30:00,136.48554281876912
2024-01-11 08:35:00,140.92038884907106
2024-01-11 08:40:00,137.3967684391021
2024-01-11 08:45:00,137.15863495085938
2024-01-11 08:50:00,140.50135360658695
2024-01-11 08:55:00,140.19338199846004
2024-01-11 09:00:00,136.37263651246207
2024-01-11 09:05:00,145.52212100882988
2024-01-11 09:10:00,139.06762355370722
2024-01-11 09:15:00,142.39121954017392
2024-01-11 09:20:00,143.93277862579563
2024-01-11 09:25:00,146.00198904280825
2024-01-11 09:30:00,137.26576758433887
2024-01-11 09:35:00,138.1486155146235
2024-01-11 09:40:00,139.1974740330856
2024-01-11 09:45:00,141.79944526764578
2024-01-11 09:50:00,143.36067959424238
2024-01-11 09:55:00,142.46708506899768
2024-01-11 10:00:00,135.55560842599633
2024-01-11 10:05:00,143.27978905861767
2024-01-11 10:10:00,139.99858046586135
2024-01-11 10:15:00,147.17552982565323
2024-01-11 10:20:00,140.91970883025542
2024-01-11 10:25:00,133.52394924463013
2024-01-11 10:30:00,134.06169995048532
2024-01-11 10:35:00,136.99849304175106
2024-01-11 10:40:00,140.54150013851284
2024-01-11 10:45:00,145.30291362445845
2024-01-11 10:50:00,139.02459783349303
2024-01-11 10:55:00,139.04558645663198
2024-01-11 11:00:00,140.59095617563554
2024-01-11 11:05:00,144.27357811285842
2024-01-11 11:10:00,135.51085119595498
2024-01-11 11:15:00,134.30693582569512
2024-01-11 11:20:00,139.3465671247034
2024-01-11 11:25:00,139.29362751276722
2024-01-11 11:30:00,137.40744979938472
2024-01-11 11:35:00,140.66236472635327
2024-01-11 11:40:00,135.1078075077002
2024-01-11 11:45:00,145.10585375421215
2024-01-11 11:50:00,144.81841344285084
2024-01-11 11:55:00,136.3785890189067
2024-01-11 12:00:00,150.5095018203042
2024-01-11 12:05:00,154.7207977694788
2024-01-11 12:10:00,150.47278826714336
2024-01-11 12:15:00,147.78788911303718
2024-01-11 12:20:00,145.04163292105991
2024-01-11 12:25:00,149.31780233406255
2024-01-11 12:30:00,150.87876146761377
2024-01-11 12:35:00,61.757713838595635
2024-01-11 12:40:00,155.79472670412662
2024-01-11 12:45:00,148.17333700482072
2024-01-11 12:50:00,143.41417498145245
2024-01-11 12:55:00,150.56274034299346
2024-01-11 13:00:00,152.37965024115172
2024-01-11 13:05:00,152.29004531667752
2024-01-11 13:10:00,142.67931486943348
2024-01-11 13:15:00,146.8435544577021
2024-01-11 13:20:00,148.98859924475084
2024-01-11 13:25:00,155.70981284672243
2024-01-11 13:30:00,151.9887964006585
2024-01-11 13:35:00,66.91252600230038
2024-01-11 13:40:00,150.11854823009529
2024-01-11 13:45:00,148.91855592114874
2024-01-11 13:50:00,150.01613153034845
2024-01-11 13:55:00,156.06006775688857
2024-01-11 14:00:00,118.51838788324079
2024-01-11 14:05:00,117.80459435058357
2024-01-11 14:10:00,114.5656312782972
2024-01-11 14:15:00,122.09343500999341
2024-01-11 14:20:00,118.82872141342993
2024-01-11 14:25:00,119.30161599142271
2024-01-11 14:30:00,113.36188861403036
2024-01-11 14:35:00,117.25631070581181
2024-01-11 14:40:00,121.95209149923123
2024-01-11 14:45:00,121.51542840691424
2024-01-11 14:50:00,124.08783208113451
2024-01-11 14:55:00,118.15281595171217
2024-01-11 15:00:00,117.63707952653063
2024-01-11 15:05:00,122.42205422946016
2024-01-11 15:10:00,120.58950912643296
2024-01-11 15:15:00,114.40845242076642
2024-01-11 15:20:00,117.2634395768001
2024-01-11 15:25:00,123.01146605579792
2024-01-11 15:30:00,120.54597496193489
2024-01-11 15:35:00,120.13170090592794
2024-01-11 15:40:00,125.98730047850522
2024-01-11 15:45:00,124.65188670761113
2024-01-11 15:50:00,117.30947634414784
2024-01-11 15:55:00,117.86318030957746
2024-01-11 16:00:00,116.91983695078467
2024-01-11 16:05:00,118.87403417100904
2024-01-11 16:10:00,120.85896013887793
2024-01-11 16:15:00,119.70634858927833
2024-01-11 16:20:00,118.10966368937036
2024-01-11 16:25:00,119.59638458132747
2024-01-11 16:30:00,121.79670736852732
2024-01-11 16:35:00,125.69191681750067
2024-01-11 16:40:00,114.5455274447677
2024-01-11 16:45:00,114.17378933257774
2024-01-11 16:50:00,122.46277866886271
2024-01-11 16:55:00,118.86701579163912
2024-01-11 17:00:00,125.48548425905983
2024-01-11 17:05:00,123.66802877425765
2024-01-11 17:10:00,119.57765688800464
2024-01-11 17:15:00,128.7842882674852
2024-01-11 17:20:00,112.13728153490369
2024-01-11 17:25:00,124.51186949830257
2024-01-11 17:30:00,121.86550563457226
2024-01-11 17:35:00,124.11781599232248
2024-01-11 17:40:00,118.01983564792826
2024-01-11 17:45:00,118.46980054481423
2024-01-11 17:50:00,122.1041133707079
2024-01-11 17:55:00,117.77000755818018
2024-01-11 18:00:00,96.4292227140181
2024-01-11 18:05:00,101.67829123259335
2024-01-11 18:10:00,90.33395826801953
2024-01-11 18:15:00,100.82499640259611
2024-01-11 18:20:00,98.03303092100083
2024-01-11 18:25:00,106.4553226029945
2024-01-11 18:30:00,104.25516938997441
2024-01-11 18:35:00,105.07994715351671
2024-01-11 18:40:00,91.59570062628758
2024-01-11 18:45:00,98.97342993261258
2024-01-11 18:50:00,98.48298821785575
2024-01-11 18:55:00,97.92247515054056
2024-01-11 19:00:00,97.91775566877514
2024-01-11 19:05:00,104.03525443785499
2024-01-11 19:10:00,100.77195867736621
2024-01-11 19:15:00,96.87066125349051
2024-01-11 19:20:00,97.27681813511533
2024-01-11 19:25:00,105.12037163886744
2024-01-11 19:30:00,101.56545038367061
2024-01-11 19:35:00,98.94962011907967
2024-01-11 19:40:00,64.1022629327799
2024-01-11 19:45:00,101.14826888670846
2024-01-11 19:50:00,103.22731843751886
2024-01-11 19:55:00,100.66787960595708
2024-01-11 20:00:00,99.7837923551398
2024-01-11 20:05:00,100.75112816495825
2024-01-11 20:10:00,97.01723796091657
2024-01-11 20:15:00,100.43821732209977
2024-01-11 20:20:00,105.02008013010469
2024-01-11 20:25:00,99.9685578015891
2024-01-11 20:30:00,107.25401101391837
2024-01-11 20:35:00,96.86524564657547
2024-01-11 20:40:00,102.08145959378501
2024-01-11 20:45:00,97.70550522167859
2024-01-11 20:50:00,102.28605436219733
2024-01-11 20:55:00,100.05855875109515
2024-01-11 21:00:00,93.17710687209417
2024-01-11 21:05:00,95.87769681548173
2024-01-11 21:10:00,102.31145030752137
2024-01-11 21:15:00,103.33874704767521
2024-01-11 21:20:00,95.87221902195105
2024-01-11 21:25:00,100.49406268834082
2024-01-11 21:30:00,100.44031242699297
2024-01-11 21:35:00,104.09821181150295
2024-01-11 21:40:00,102.35651788826425
2024-01-11 21:45:00,101.43289994938684
2024-01-11 21:50:00,103.96270284971027
2024-01-11 21:55:00,101.90169355748311
2024-01-11 22:00:00,98.98626933817167
2024-01-11 22:05:00,100.2637327161905
2024-01-11 22:10:00,99.72899874157275
2024-01-11 22:15:00,96.87069012531946
2024-01-11 22:20:00,103.405691545323
2024-01-11 22:25:00,94.13012310202939
2024-01-11 22:30:00,98.94360462785846
2024-01-11 22:35:00,93.69282702451642
2024-01-11 22:40:00,100.94936042546857
2024-01-11 22:45:00,99.91289837460036
2024-01-11 22:50:00,101.483543850321
2024-01-11 22:55:00,96.30427863713497
2024-01-11 23:00:00,97.82260526664109
2024-01-11 23:05:00,105.52013129407835
2024-01-11 23:10:00,97.85070451091478
2024-01-11 23:15:00,98.19048979290561
2024-01-11 23:20:00,102.08476435892204
2024-01-11 23:25:00,92.73772305576432
2024-01-11 23:30:00,97.60245399898959
2024-01-11 23:35:00,102.66942470221909
2024-01-11 23:40:00,95.88447087808134
2024-01-11 23:45:00,96.68808248138367
2024-01-11 23:50:00,99.2245949739799
2024-01-11 23:55:00,99.0886333319376
2024-01-12 00:00:00,89.2590514844933
2024-01-12 00:05:00,98.55762331086197
2024-01-12 00:10:00,87.88028958779262
2024-01-12 00:15:00,92.07828181398428
2024-01-12 00:20:00,88.10786374704831
2024-01-12 00:25:00,89.46932406256009
2024-01-12 00:30:00,89.6327618906068
2024-01-12 00:35:00,95.92163484776208
2024-01-12 00:40:00,86.338283197657
2024-01-12 00:45:00,93.53639813920894
2024-01-12 00:50:00,91.75998909093737
2024-01-12 00:55:00,94.95322047894102
2024-01-12 01:00:00,92.0105548561183
2024-01-12 01:05:00,90.50324997815636
2024-01-12 01:10:00,85.96208460471452
2024-01-12 01:15:00,90.34069945792001
2024-01-12 01:20:00,90.68348624717599
2024-01-12 01:25:00,87.9689821054183
2024-01-12 01:30:00,95.10971078179622
2024-01-12 01:35:00,90.01054092139957
2024-01-12 01:40:00,96.36995797366322
2024-01-12 01:45:00,90.01381877425705
2024-01-12 01:50:00,88.60482508339688
2024-01-12 01:55:00,88.57822680040287
2024-01-12 02:00:00,93.69908466725907
2024-01-12 02:05:00,86.73492515379078
2024-01-12 02:10:00,91.0766433239099
2024-01-12 02:15:00,92.97714994188107
2024-01-12 02:20:00,93.30119577168982
2024-01-12 02:25:00,87.42282639771021
2024-01-12 02:30:00,92.48150723003012
2024-01-12 02:35:00,87.981955094818
2024-01-12 02:40:00,94.04336259460314
2024-01-12 02:45:00,94.9749582857363
2024-01-12 02:50:00,94.4647668939725
2024-01-12 02:55:00,87.56395598685944
2024-01-12 03:00:00,86.78144641420073
2024-01-12 03:05:00,97.93363069440008
2024-01-12 03:10:00,91.13878401871334
2024-01-12 03:15:00,88.44915067231942
2024-01-12 03:20:00,87.97267154265953
2024-01-12 03:25:00,98.19848425511105
2024-01-12 03:30:00,89.21381938687556
2024-01-12 03:35:00,87.80839473991698
2024-01-12 03:40:00,86.94523632304376
2024-01-12 03:45:00,93.9481325441747
2024-01-12 03:50:00,92.414175836729
2024-01-12 03:55:00,91.4335841400735
2024-01-12 04:00:00,89.93699231018779
2024-01-12 04:05:00,94.60039437884951
2024-01-12 04:10:00,96.14089535054354
2024-01-12 04:15:00,89.69503783963931
2024-01-12 04:20:00,92.67755375102966
2024-01-12 04:25:00,85.91133706389836
2024-01-12 04:30:00,86.47880395099575
2024-01-12 04:35:00,89.51953390682222
2024-01-12 04:40:00,84.27207281295907
2024-01-12 04:45:00,89.68906579207116
2024-01-12 04:50:00,89.17037700127504
2024-01-12 04:55:00,92.59235426487326
2024-01-12 05:00:00,92.84129902259275
2024-01-12 05:05:00,95.1013536356003
2024-01-12 05:10:00,87.11821864362005
2024-01-12 05:15:00,85.39691834085644
2024-01-12 05:20:00,88.03779655521171
2024-01-12 05:25:00,91.16150808835549
2024-01-12 05:30:00,90.41386667438917
2024-01-12 05:35:00,92.64797622219196
2024-01-12 05:40:00,85.97576381887613
2024-01-12 05:45:00,50.86027928760111
2024-01-12 05:50:00,96.11347984953245
2024-01-12 05:55:00,93.4459421484074
2024-01-12 06:00:00,110.62873356871624
2024-01-12 06:05:00,106.03290071865064
2024-01-12 06:10:00,107.3846285476573
2024-01-12 06:15:00,112.72462359120965
2024-01-12 06:20:00,103.71895838705484
2024-01-12 06:25:00,111.62628672129061
2024-01-12 06:30:00,110.610226361875
2024-01-12 06:35:00,68.13745663638106
2024-01-12 06:40:00,110.49103462058766
2024-01-12 06:45:00,112.18808515244461
2024-01-12 06:50:00,55.45834320648743
2024-01-12 06:55:00,58.31422618299697
2024-01-12 07:00:00,109.02815940897413
2024-01-12 07:05:00,115.12205492873827
2024-01-12 07:10:00,111.63701852289182
2024-01-12 07:15:00,102.06771369620782
2024-01-12 07:20:00,113.91524863714308
2024-01-12 07:25:00,107.12708112959695
2024-01-12 07:30:00,108.64487653841286
2024-01-12 07:35:00,103.93731700047488
2024-01-12 07:40:00,110.12666945728606
2024-01-12 07:45:00,109.39802551978052
2024-01-12 07:50:00,104.95057364243377
2024-01-12 07:55:00,103.23920872193065
2024-01-12 08:00:00,143.05758428376657
2024-01-12 08:05:00,142.83028937558183
2024-01-12 08:10:00,138.98409062162332
2024-01-12 08:15:00,139.11000694384668
2024-01-12 08:20:00,140.11163939685753
2024-01-12 08:25:00,140.31499326829768
2024-01-12 08:30:00,144.71182041012642
2024-01-12 08:35:00,146.63150366908096
2024-01-12 08:40:00,138.50580935338039
2024-01-12 08:45:00,143.81177468884363
2024-01-12 08:50:00,140.39469195256024
2024-01-12 08:55:00,143.09538334440757
2024-01-12 09:00:00,141.80000229429734
2024-01-12 09:05:00,134.46261173643558
2024-01-12 09:10:00,138.26794274801804
2024-01-12 09:15:00,142.50347612204536
2024-01-12 09:20:00,139.22817781945255
2024-01-12 09:25:00,63.41520043423068
2024-01-12 09:30:00,140.65955812618836
2024-01-12 09:35:00,139.29894441333684
2024-01-12 09:40:00,141.47560386254483
2024-01-12 09:45:00,146.07553503124274
2024-01-12 09:50:00,140.40285361015438
2024-01-12 09:55:00,134.75814938768772
2024-01-12 10:00:00,135.45645220719894
2024-01-12 10:05:00,143.27635847706833
2024-01-12 10:10:00,141.19507516516308
2024-01-12 10:15:00,140.8229442831237
2024-01-12 10:20:00,146.1165017735173
2024-01-12 10:25:00,138.5833322840737
2024-01-12 10:30:00,147.33875339144723
2024-01-12 10:35:00,137.29763966506118
2024-01-12 10:40:00,139.9257476048789
2024-01-12 10:45:00,141.3556443875334
2024-01-12 10:50:00,138.323968986305
2024-01-12 10:55:00,140.74546028472838
2024-01-12 11:00:00,57.675478607112474
2024-01-12 11:05:00,145.73336780581425
2024-01-12 11:10:00,66.73187558261903
2024-01-12 11:15:00,141.47523860953507
2024-01-12 11:20:00,138.2701000092462
2024-01-12 11:25:00,140.81351401821246
2024-01-12 11:30:00,141.48695814097408
2024-01-12 11:35:00,134.17693324786998
2024-01-12 11:40:00,138.9768118799928
2024-01-12 11:45:00,135.99076208834123
2024-01-12 11:50:00,142.94680644744304
2024-01-12 11:55:00,139.9274601575419
2024-01-12 12:00:00,146.49396188524918
2024-01-12 12:05:00,144.57333713397875
2024-01-12 12:10:00,153.8040476933913
2024-01-12 12:15:00,150.2923215268079
2024-01-12 12:20:00,57.53671122032331
2024-01-12 12:25:00,145.2763846935687
2024-01-12 12:30:00,153.8905735412807
2024-01-12 12:35:00,152.72419403453975
2024-01-12 12:40:00,150.4093641304886
2024-01-12 12:45:00,147.70277754624433
2024-01-12 12:50:00,146.85549945249647
2024-01-12 12:55:00,153.61206711232643
2024-01-12 13:00:00,145.77972726550013
2024-01-12 13:05:00,142.67325290136202
2024-01-12 13:10:00,149.04741080768514
2024-01-12 13:15:00,149.1291552002996
2024-01-12 13:20:00,149.69151951346558
2024-01-12 13:25:00,146.29485380706515
2024-01-12 13:30:00,149.79760295547527
2024-01-12 13:35:00,146.09844534670432
2024-01-12 13:40:00,154.74572165288555
2024-01-12 13:45:00,151.97830360023266
2024-01-12 13:50:00,150.75149361467652
2024-01-12 13:55:00,150.04176943573827
2024-01-12 14:00:00,116.48384293012681
2024-01-12 14:05:00,112.06475850972905
2024-01-12 14:10:00,121.00638657293827
2024-01-12 14:15:00,118.55262275197464
2024-01-12 14:20:00,116.6989617232374
2024-01-12 14:25:00,120.96187087936467
2024-01-12 14:30:00,123.65639595185147
2024-01-12 14:35:00,115.32168350869996
2024-01-12 14:40:00,120.46037096790707
2024-01-12 14:45:00,119.56045791611919
2024-01-12 14:50:00,122.28182518366395
2024-01-12 14:55:00,116.36196828634078
2024-01-12 15:00:00,121.71419518954605
2024-01-12 15:05:00,120.6731625313208
2024-01-12 15:10:00,120.26625355205661
2024-01-12 15:15:00,53.395852791018946
2024-01-12 15:20:00,124.09722848836275
2024-01-12 15:25:00,124.75104241925804
2024-01-12 15:30:00,118.13241723194874
2024-01-12 15:35:00,122.53480116256553
2024-01-12 15:40:00,118.56768162576438
2024-01-12 15:45:00,115.4047322718933
2024-01-12 15:50:00,118.11081501491716
2024-01-12 15:55:00,114.39451586027911
2024-01-12 16:00:00,120.74529456590189
2024-01-12 16:05:00,120.57196856408152
2024-01-12 16:10:00,122.8890272760388
2024-01-12 16:15:00,118.55211456193723
2024-01-12 16:20:00,59.505859531310165
2024-01-12 16:25:00,120.48135413931999
2024-01-12 16:30:00,124.10687034755306
2024-01-12 16:35:00,121.52501824340709
2024-01-12 16:40:00,114.94363020388103
2024-01-12 16:45:00,119.28418393522341
2024-01-12 16:50:00,117.45874605176213
2024-01-12 16:55:00,57.990129505211286
2024-01-12 17:00:00,116.97748780470903
2024-01-12 17:05:00,119.28806656149155
2024-01-12 17:10:00,118.9336453311394
2024-01-12 17:15:00,52.66798470354979
2024-01-12 17:20:00,119.81148800821084
2024-01-12 17:25:00,121.77006461814058
2024-01-12 17:30:00,125.15783583806112
2024-01-12 17:35:00,124.2212153269366
2024-01-12 17:40:00,128.73745010011856
2024-01-12 17:45:00,113.44290491030664
2024-01-12 17:50:00,124.60227663742727
2024-01-12 17:55:00,113.64749967330917
2024-01-12 18:00:00,110.04734613593155
2024-01-12 18:05:00,94.94389681954587
2024-01-12 18:10:00,100.35190126522404
2024-01-12 18:15:00,95.01724356767467
2024-01-12 18:20:00,93.78569173889149
2024-01-12 18:25:00,61.96475519703793
2024-01-12 18:30:00,100.73713300249263
2024-01-12 18:35:00,96.98917884718536
2024-01-12 18:40:00,103.38142445861887
2024-01-12 18:45:00,54.324657887819825
2024-01-12 18:50:00,104.32637088288745
2024-01-12 18:55:00,104.03455608406762
2024-01-12 19:00:00,101.15379005482396
2024-01-12 19:05:00,105.67757325760327
2024-01-12 19:10:00,103.96566154471577
2024-01-12 19:15:00,92.5013187128139
2024-01-12 19:20:00,101.40424986954415
2024-01-12 19:25:00,103.46102297660099
2024-01-12 19:30:00,108.48176409180856
2024-01-12 19:35:00,100.07467391411257
2024-01-12 19:40:00,95.35942086823704
2024-01-12 19:45:00,101.77253900512035
2024-01-12 19:50:00,99.46525222072896
2024-01-12 19:55:00,101.16035024526832
2024-01-12 20:00:00,98.06418714689805
2024-01-12 20:05:00,97.90204099112593
2024-01-12 20:10:00,103.71751615839005
2024-01-12 20:15:00,100.04644588924765
2024-01-12 20:20:00,106.36920774888328
2024-01-12 20:25:00,105.37605933016268
2024-01-12 20:30:00,94.4951455664062
2024-01-12 20:35:00,104.46495644542924
2024-01-12 20:40:00,97.80876874142214
2024-01-12 20:45:00,102.63838753083462
2024-01-12 20:50:00,96.57233806470649
2024-01-12 20:55:00,57.7143342552204
2024-01-12 21:00:00,96.57235633104699
2024-01-12 21:05:00,99.45930407855118
2024-01-12 21:10:00,96.9750934317007
2024-01-12 21:15:00,104.65247234606528
2024-01-12 21:20:00,101.03350230528514
2024-01-12 21:25:00,102.27571804279908
2024-01-12 21:30:00,98.34339268332118
2024-01-12 21:35:00,93.65041739481823
2024-01-12 21:40:00,103.30722057237433
2024-01-12 21:45:00,98.1704975490586
2024-01-12 21:50:00,99.39865324095548
2024-01-12 21:55:00,96.57628390272647
2024-01-12 22:00:00,101.46403432882619
2024-01-12 22:05:00,94.32474219441247
2024-01-12 22:10:00,103.20193867997473
2024-01-12 22:15:00,103.22022952595573
2024-01-12 22:20:00,97.53361846568937
2024-01-12 22:25:00,97.2885921161417
2024-01-12 22:30:00,97.48831461706875
2024-01-12 22:35:00,96.52252409604576
2024-01-12 22:40:00,98.43800629022645
2024-01-12 22:45:00,98.41659936323502
2024-01-12 22:50:00,104.08217877831127
2024-01-12 22:55:00,94.68530484212843
2024-01-12 23:00:00,98.00795798755762
2024-01-12 23:05:00,97.79363662371358
2024-01-12 23:10:00,102.99945215824273
2024-01-12 23:15:00,103.41856186498518
2024-01-12 23:20:00,98.0453273420708
2024-01-12 23:25:00,95.04064705636725
2024-01-12 23:30:00,103.32914663385752
2024-01-12 23:35:00,100.62999455635085
2024-01-12 23:40:00,99.98415448227222
2024-01-12 23:45:00,100.15418021110241
2024-01-12 23:50:00,90.79718170798208
2024-01-12 23:55:00,106.826448346862
2024-01-13 00:00:00,84.43244876414501
2024-01-13 00:05:00,90.34371617328455
2024-01-13 00:10:00,50.85566536494536
2024-01-13 00:15:00,87.15085962285889
2024-01-13 00:20:00,90.41949434843207
2024-01-13 00:25:00,92.8672798014652
2024-01-13 00:30:00,92.71534400237044
2024-01-13 00:35:00,87.43093537452364
2024-01-13 00:40:00,90.92155033367717
2024-01-13 00:45:00,88.16685914791466
2024-01-13 00:50:00,87.07088763304203
2024-01-13 00:55:00,90.73112432147842
2024-01-13 01:00:00,94.80243757307825
2024-01-13 01:05:00,92.27960126668823
2024-01-13 01:10:00,91.89759949756719
2024-01-13 01:15:00,87.58204143977856
2024-01-13 01:20:00,85.77773198965366
2024-01-13 01:25:00,88.94090614772647
2024-01-13 01:30:00,87.88385215430378
2024-01-13 01:35:00,97.26833723237023
2024-01-13 01:40:00,91.62871313654959
2024-01-13 01:45:00,94.22037472185492
2024-01-13 01:50:00,91.46613434596388
2024-01-13 01:55:00,88.16435499796239
2024-01-13 02:00:00,90.12921522761434
2024-01-13 02:05:00,87.77153994950557
2024-01-13 02:10:00,89.57682500930085
2024-01-13 02:15:00,91.75561270853446
2024-01-13 02:20:00,90.22288307631356
2024-01-13 02:25:00,95.39853286825586
2024-01-13 02:30:00,87.12499335685882
2024-01-13 02:35:00,91.14799832210842
2024-01-13 02:40:00,66.18206433646093
2024-01-13 02:45:00,90.13704680073297
2024-01-13 02:50:00,89.58179874344412
2024-01-13 02:55:00,90.35961349373555
2024-01-13 03:00:00,93.53066679778374
2024-01-13 03:05:00,93.36055988125622
2024-01-13 03:10:00,93.42826834617927
2024-01-13 03:15:00,89.81328591595177
2024-01-13 03:20:00,85.72296428751346
2024-01-13 03:25:00,89.6718963282215
2024-01-13 03:30:00,85.73493843055809
2024-01-13 03:35:00,89.65348186338264
2024-01-13 03:40:00,91.30288019468911
2024-01-13 03:45:00,94.30352440221516
2024-01-13 03:50:00,88.76971744711226
2024-01-13 03:55:00,89.84844032267216
2024-01-13 04:00:00,88.77454578773072
2024-01-13 04:05:00,90.25041979331385
2024-01-13 04:10:00,50.42049614439205
2024-01-13 04:15:00,88.34537366617225
2024-01-13 04:20:00,86.32437031682696
2024-01-13 04:25:00,87.78741893625248
2024-01-13 04:30:00,89.9034750057208
2024-01-13 04:35:00,91.97417836701328
2024-01-13 04:40:00,94.62071157379363
2024-01-13 04:45:00,93.31564354532308
2024-01-13 04:50:00,90.92887292724791
2024-01-13 04:55:00,91.61379707491484
2024-01-13 05:00:00,92.12241396114774
2024-01-13 05:05:00,88.1357522000346
2024-01-13 05:10:00,87.5256808785865
2024-01-13 05:15:00,89.01622247432086
2024-01-13 05:20:00,91.34164957824414
2024-01-13 05:25:00,87.30894415569315
2024-01-13 05:30:00,60.643149699696714
2024-01-13 05:35:00,87.65007834034381
2024-01-13 05:40:00,89.19691303949428
2024-01-13 05:45:00,91.45711480148931
2024-01-13 05:50:00,88.27556472360855
2024-01-13 05:55:00,89.35869661254416
2024-01-13 06:00:00,111.98196219929764
2024-01-13 06:05:00,110.64067061528861
2024-01-13 06:10:00,110.50575167887652
2024-01-13 06:15:00,107.32492020267779
2024-01-13 06:20:00,110.39271478861068
2024-01-13 06:25:00,107.28827809598636
2024-01-13 06:30:00,111.1527954850247
2024-01-13 06:35:00,115.55322952139603
2024-01-13 06:40:00,104.15985679812735
2024-01-13 06:45:00,115.31575439551382
2024-01-13 06:50:00,107.64295547613759
2024-01-13 06:55:00,108.00708540129135
2024-01-13 07:00:00,110.76234524683606
2024-01-13 07:05:00,109.84612349093818
2024-01-13 07:10:00,106.71398187865532
2024-01-13 07:15:00,114.66715775332996
2024-01-13 07:20:00,112.88637963121295
2024-01-13 07:25:00,107.27689591962248
2024-01-13 07:30:00,114.82931391204572
2024-01-13 07:35:00,111.93947171658273
2024-01-13 07:40:00,103.25931022524826
2024-01-13 07:45:00,111.20955287391718
2024-01-13 07:50:00,109.2904607905023
2024-01-13 07:55:00,117.26732292255724
2024-01-13 08:00:00,137.41947425094574
2024-01-13 08:05:00,148.42292851381254
2024-01-13 08:10:00,137.67904903651743
2024-01-13 08:15:00,138.94739971284173
2024-01-13 08:20:00,142.46020249064972
2024-01-13 08:25:00,135.157759097723
2024-01-13 08:30:00,141.6073940647396
2024-01-13 08:35:00,141.45920013023488
2024-01-13 08:40:00,139.90535659599772
2024-01-13 08:45:00,139.85968038643426
2024-01-13 08:50:00,137.46972313779978
2024-01-13 08:55:00,143.58061213235916
2024-01-13 09:00:00,141.21639644003977
2024-01-13 09:05:00,140.43206963800174
2024-01-13 09:10:00,142.3591886121757
2024-01-13 09:15:00,137.84346043041197
2024-01-13 09:20:00,140.3193533520821
2024-01-13 09:25:00,141.25017331112963
2024-01-13 09:30:00,135.87653799826217
2024-01-13 09:35:00,137.56476544835328
2024-01-13 09:40:00,137.61187517079233
2024-01-13 09:45:00,139.03904361161403
2024-01-13 09:50:00,51.552958307065815
2024-01-13 09:55:00,136.11573529435125
2024-01-13 10:00:00,137.7427220994915
2024-01-13 10:05:00,142.96712130451746
2024-01-13 10:10:00,138.277183046337
2024-01-13 10:15:00,139.86678190022027
2024-01-13 10:20:00,137.94165368673552
2024-01-13 10:25:00,143.16134790580233
2024-01-13 10:30:00,139.24157295365927
2024-01-13 10:35:00,147.6904298610092
2024-01-13 10:40:00,138.6440330987761
2024-01-13 10:45:00,139.00322090422094
2024-01-13 10:50:00,140.319806522906
2024-01-13 10:55:00,141.07300454004815
2024-01-13 11:00:00,139.19521790459217
2024-01-13 11:05:00,139.35520162324084
2024-01-13 11:10:00,147.57467615777523
2024-01-13 11:15:00,130.3909081946099
2024-01-13 11:20:00,137.32749935160612
2024-01-13 11:25:00,142.76098953854208
2024-01-13 11:30:00,138.0556569630794
2024-01-13 11:35:00,137.08281027391888
2024-01-13 11:40:00,138.68807214323834
2024-01-13 11:45:00,141.53301414657076
2024-01-13 11:50:00,144.2778368663167
2024-01-13 11:55:00,143.34624272315784
2024-01-13 12:00:00,145.68812797997865
2024-01-13 12:05:00,151.43251653077192
2024-01-13 12:10:00,152.63906464351692
2024-01-13 12:15:00,57.26492357124354
2024-01-13 12:20:00,151.65338780292083
2024-01-13 12:25:00,155.70510819064265
2024-01-13 12:30:00,142.15868101193502
2024-01-13 12:35:00,145.05134854863346
2024-01-13 12:40:00,153.8091740375634
2024-01-13 12:45:00,141.66323967465203
2024-01-13 12:50:00,146.02886100315823
2024-01-13 12:55:00,154.37706166098587
2024-01-13 13:00:00,150.68063845621973
2024-01-13 13:05:00,147.9393033157463
2024-01-13 13:10:00,144.7363861031234
2024-01-13 13:15:00,148.6579562602868
2024-01-13 13:20:00,151.807564927971
2024-01-13 13:25:00,149.94006641247577
2024-01-13 13:30:00,151.21467601583268
2024-01-13 13:35:00,147.32036689737913
2024-01-13 13:40:00,153.2386874956132
2024-01-13 13:45:00,150.2780965001085
2024-01-13 13:50:00,150.81410829384208
2024-01-13 13:55:00,145.87911148217282
2024-01-13 14:00:00,118.05500214761597
2024-01-13 14:05:00,118.80377479731942
2024-01-13 14:10:00,120.28972654294645
2024-01-13 14:15:00,123.06437171099952
2024-01-13 14:20:00,114.87467094830112
2024-01-13 14:25:00,123.0978398598978
2024-01-13 14:30:00,122.44456796888451
2024-01-13 14:35:00,119.46099576284426
2024-01-13 14:40:00,119.67509176515681
2024-01-13 14:45:00,120.05999757268893
2024-01-13 14:50:00,112.79289415344067
2024-01-13 14:55:00,121.37221315013038
2024-01-13 15:00:00,125.90846126504138
2024-01-13 15:05:00,116.08518225958434
2024-01-13 15:10:00,111.81171938658886
2024-01-13 15:15:00,124.15800772519741
2024-01-13 15:20:00,118.33352918474029
2024-01-13 15:25:00,122.77947506978447
2024-01-13 15:30:00,117.36514457204443
2024-01-13 15:35:00,117.51669198427537
2024-01-13 15:40:00,117.39951092655365
2024-01-13 15:45:00,122.65131662234022
2024-01-13 15:50:00,123.96822106319483
2024-01-13 15:55:00,121.02306070092556
2024-01-13 16:00:00,122.82213946648348
2024-01-13 16:05:00,121.56452953578274
2024-01-13 16:10:00,118.01980631103427
2024-01-13 16:15:00,115.2409323450822
2024-01-13 16:20:00,119.79860835710576
2024-01-13 16:25:00,120.34990185222175
2024-01-13 16:30:00,119.34646332121304
2024-01-13 16:35:00,121.14664852974447
2024-01-13 16:40:00,121.58469319217414
2024-01-13 16:45:00,115.04535752423189
2024-01-13 16:50:00,116.70235326514965
2024-01-13 16:55:00,115.51833264510556
2024-01-13 17:00:00,117.00626275441341
2024-01-13 17:05:00,125.5552893173836
2024-01-13 17:10:00,119.01707206828407
2024-01-13 17:15:00,115.15154787551715
2024-01-13 17:20:00,120.71220791469194
2024-01-13 17:25:00,120.40060804979412
2024-01-13 17:30:00,122.89155792403511
2024-01-13 17:35:00,117.13015757597776
2024-01-13 17:40:00,123.85240022831496
2024-01-13 17:45:00,117.8420323451443
2024-01-13 17:50:00,121.65913014589836
2024-01-13 17:55:00,116.43373213657262
2024-01-13 18:00:00,90.15663164207255
2024-01-13 18:05:00,99.70974161760545
2024-01-13 18:10:00,103.84247304872602
2024-01-13 18:15:00,99.3641727632285
2024-01-13 18:20:00,50.024072278180356
2024-01-13 18:25:00,97.41973508466883
2024-01-13 18:30:00,98.71290133279994
2024-01-13 18:35:00,106.30637795575596
2024-01-13 18:40:00,98.62439274761925
2024-01-13 18:45:00,100.94302561373085
2024-01-13 18:50:00,98.30233006050611
2024-01-13 18:55:00,106.33686242470868
2024-01-13 19:00:00,97.6408726684054
2024-01-13 19:05:00,106.940151227107
2024-01-13 19:10:00,106.36572069866543
2024-01-13 19:15:00,104.10660971371496
2024-01-13 19:20:00,102.17850979023451
2024-01-13 19:25:00,104.14465511774607
2024-01-13 19:30:00,98.62157388922195
2024-01-13 19:35:00,100.0232100249876
2024-01-13 19:40:00,99.70300277737694
2024-01-13 19:45:00,60.83283015666106
2024-01-13 19:50:00,101.12398852462589
2024-01-13 19:55:00,96.05080508756018
2024-01-13 20:00:00,102.32814529991575
2024-01-13 20:05:00,91.74059615048388
2024-01-13 20:10:00,97.31423006557364
2024-01-13 20:15:00,94.26769201852414
2024-01-13 20:20:00,101.123695547376
2024-01-13 20:25:00,102.41782615605975
2024-01-13 20:30:00,100.9849285807948
2024-01-13 20:35:00,55.221335997906586
2024-01-13 20:40:00,102.59940831066206
2024-01-13 20:45:00,105.04219784107158
2024-01-13 20:50:00,95.50570427671887
2024-01-13 20:55:00,102.73617750085734
2024-01-13 21:00:00,98.99612082244866
2024-01-13 21:05:00,104.47403495679464
2024-01-13 21:10:00,103.50189100274308
2024-01-13 21:15:00,103.30359418647248
2024-01-13 21:20:00,92.69475222681527
2024-01-13 21:25:00,98.33117345418216
2024-01-13 21:30:00,96.43587454268427
2024-01-13 21:35:00,95.23854848928072
2024-01-13 21:40:00,103.44160218751395
2024-01-13 21:45:00,106.29755839325689
2024-01-13 21:50:00,93.88735989396321
2024-01-13 21:55:00,101.81246502731095
2024-01-13 22:00:00,99.13649201874807
2024-01-13 22:05:00,101.39564052240831
2024-01-13 22:10:00,100.76052943003587
2024-01-13 22:15:00,103.16859802521898
2024-01-13 22:20:00,101.77060270569832
2024-01-13 22:25:00,98.2344740652555
2024-01-13 22:30:00,104.90197520390322
2024-01-13 22:35:00,103.69197287502496
2024-01-13 22:40:00,99.72543584904577
2024-01-13 22:45:00,96.53666216711702
2024-01-13 22:50:00,104.4837466518275
2024-01-13 22:55:00,100.22137317967801
2024-01-13 23:00:00,94.56071156809061
2024-01-13 23:05:00,97.99858961423539
2024-01-13 23:10:00,99.59686303621281
2024-01-13 23:15:00,98.16708177648258
2024-01-13 23:20:00,101.53068286338707
2024-01-13 23:25:00,104.22623089495467
2024-01-13 23:30:00,95.37045281966321
2024-01-13 23:35:00,96.72660766165791
2024-01-13 23:40:00,96.63725123798808
2024-01-13 23:45:00,105.17507547353307
2024-01-13 23:50:00,97.11322578000977
2024-01-13 23:55:00,98.67157607434126
2024-01-14 00:00:00,85.76884305722615
2024-01-14 00:05:00,52.741358850808965
2024-01-14 00:10:00,88.96590139968725
2024-01-14 00:15:00,90.90434798616374
2024-01-14 00:20:00,86.88694643756449
2024-01-14 00:25:00,89.77439839465278
2024-01-14 00:30:00,96.61306359472903
2024-01-14 00:35:00,83.91772514037311
2024-01-14 00:40:00,88.87260192535669
2024-01-14 00:45:00,82.14136660791435
2024-01-14 00:50:00,90.33028480764571
2024-01-14 00:55:00,92.2615235985862
2024-01-14 01:00:00,85.67857489694872
2024-01-14 01:05:00,83.77417967246623
2024-01-14 01:10:00,89.339358474738
2024-01-14 01:15:00,90.80348667518741
2024-01-14 01:20:00,93.40838874035646
2024-01-14 01:25:00,88.92497940709553
2024-01-14 01:30:00,90.90928475853376
2024-01-14 01:35:00,93.55439056300976
2024-01-14 01:40:00,88.97200772969421
2024-01-14 01:45:00,82.77826771687985
2024-01-14 01:50:00,88.21192873984607
2024-01-14 01:55:00,87.46815177696904
2024-01-14 02:00:00,85.79824111613061
2024-01-14 02:05:00,88.14776802638693
2024-01-14 02:10:00,86.26875953136432
2024-01-14 02:15:00,93.8062776455163
2024-01-14 02:20:00,86.17534563869705
2024-01-14 02:25:00,87.50453544381095
2024-01-14 02:30:00,91.26874040032055
2024-01-14 02:35:00,85.93769696080193
2024-01-14 02:40:00,95.61544569809449
2024-01-14 02:45:00,90.26009247275252
2024-01-14 02:50:00,83.66066419450354
2024-01-14 02:55:00,86.39840615431862
2024-01-14 03:00:00,95.37951177311093
2024-01-14 03:05:00,88.07601223365076
2024-01-14 03:10:00,90.8363710781798
2024-01-14 03:15:00,87.83321619511106
2024-01-14 03:20:00,94.58747626073986
2024-01-14 03:25:00,84.1962655353396
2024-01-14 03:30:00,94.7096088419088
2024-01-14 03:35:00,87.53012520165069
2024-01-14 03:40:00,98.55178250934912
2024-01-14 03:45:00,91.22579839761502
2024-01-14 03:50:00,85.10212255316296
2024-01-14 03:55:00,87.95395900314543
2024-01-14 04:00:00,85.06920223343731
2024-01-14 04:05:00,83.27818258882586
2024-01-14 04:10:00,95.55400675472481
2024-01-14 04:15:00,92.03664460241717
2024-01-14 04:20:00,88.66915981009905
2024-01-14 04:25:00,88.93490025941188
2024-01-14 04:30:00,85.04357484314735
2024-01-14 04:35:00,84.90029023841961
2024-01-14 04:40:00,89.9261474484204
2024-01-14 04:45:00,91.76837582822816
2024-01-14 04:50:00,83.66869917252428
2024-01-14 04:55:00,90.58987335681475
2024-01-14 05:00:00,84.66529242479452
2024-01-14 05:05:00,89.22935625682081
2024-01-14 05:10:00,89.81895555843673
2024-01-14 05:15:00,53.3681589802006
2024-01-14 05:20:00,86.0430668665374
2024-01-14 05:25:00,91.39092022577353
2024-01-14 05:30:00,89.02995487977323
2024-01-14 05:35:00,88.49857656331194
2024-01-14 05:40:00,90.71295322627203
2024-01-14 05:45:00,92.11789324907764
2024-01-14 05:50:00,69.48635274408828
2024-01-14 05:55:00,68.95303306162178
2024-01-14 06:00:00,108.09472721129181
2024-01-14 06:05:00,114.97575178396748
2024-01-14 06:10:00,111.41135365709064
2024-01-14 06:15:00,108.60240149271644
2024-01-14 06:20:00,112.78423627722965
2024-01-14 06:25:00,116.88959943348101
2024-01-14 06:30:00,50.80039281478012
2024-01-14 06:35:00,106.57310916360461
2024-01-14 06:40:00,102.34164329401935
2024-01-14 06:45:00,109.39234547544835
2024-01-14 06:50:00,111.54604427151443
2024-01-14 06:55:00,110.8828889926554
2024-01-14 07:00:00,113.0214351771445
2024-01-14 07:05:00,106.65596387518009
2024-01-14 07:10:00,111.67667119966558
2024-01-14 07:15:00,108.63078471384199
2024-01-14 07:20:00,109.76661491266067
2024-01-14 07:25:00,107.43928199862548
2024-01-14 07:30:00,112.02686731719263
2024-01-14 07:35:00,111.24756370320125
2024-01-14 07:40:00,111.43949234320677
2024-01-14 07:45:00,114.22860021664569
2024-01-14 07:50:00,110.14675751012938
2024-01-14 07:55:00,113.34002957069158
2024-01-14 08:00:00,136.26858757894252
2024-01-14 08:05:00,133.0934014402179
2024-01-14 08:10:00,136.17253604792592
2024-01-14 08:15:00,145.97105985036566
2024-01-14 08:20:00,137.17679648466637
2024-01-14 08:25:00,137.151125850757
2024-01-14 08:30:00,136.6917590503981
2024-01-14 08:35:00,139.6450123902946
2024-01-14 08:40:00,138.48213425292616
2024-01-14 08:45:00,53.43025995296044
2024-01-14 08:50:00,140.04757547944098
2024-01-14 08:55:00,137.29836241925844
2024-01-14 09:00:00,137.78046043978154
2024-01-14 09:05:00,140.30300758270212
2024-01-14 09:10:00,144.29571877292585
2024-01-14 09:15:00,135.35790953885987
2024-01-14 09:20:00,139.21648375026385
2024-01-14 09:25:00,136.84125996188067
2024-01-14 09:30:00,138.45631717865624
2024-01-14 09:35:00,138.0687037931159
2024-01-14 09:40:00,145.36034044901433
2024-01-14 09:45:00,132.489772603698
2024-01-14 09:50:00,138.85632945511483
2024-01-14 09:55:00,134.5935588750211
2024-01-14 10:00:00,139.63762837569425
2024-01-14 10:05:00,140.8624469266156
2024-01-14 10:10:00,142.29200381281305
2024-01-14 10:15:00,149.3638681797188
2024-01-14 10:20:00,140.53957710759386
2024-01-14 10:25:00,147.27060614591502
2024-01-14 10:30:00,141.73799390900035
2024-01-14 10:35:00,140.18992209126066
2024-01-14 10:40:00,139.611869907827
2024-01-14 10:45:00,134.98358197738236
2024-01-14 10:50:00,142.23816445547374
2024-01-14 10:55:00,142.4864920877568
2024-01-14 11:00:00,141.255070904696
2024-01-14 11:05:00,141.7147894886782
2024-01-14 11:10:00,63.50647053614332
2024-01-14 11:15:00,138.39427173164717
2024-01-14 11:20:00,144.94191126955076
2024-01-14 11:25:00,136.54963662004815
2024-01-14 11:30:00,143.14493591608522
2024-01-14 11:35:00,134.4977831112937
2024-01-14 11:40:00,138.3374613768287
2024-01-14 11:45:00,141.83673280395084
2024-01-14 11:50:00,146.16005169470867
2024-01-14 11:55:00,136.14646610440292
2024-01-14 12:00:00,155.3808039575802
2024-01-14 12:05:00,154.98118349794362
2024-01-14 12:10:00,152.42845011678045
2024-01-14 12:15:00,149.16116648368038
2024-01-14 12:20:00,144.5832664437892
2024-01-14 12:25:00,148.23870587438662
2024-01-14 12:30:00,152.17911449141982
2024-01-14 12:35:00,147.28686608330386
2024-01-14 12:40:00,154.0866152151476
2024-01-14 12:45:00,151.77952762240636
2024-01-14 12:50:00,146.50412511771495
2024-01-14 12:55:00,147.59080221840102
2024-01-14 13:00:00,149.64515511836137
2024-01-14 13:05:00,153.2294021108494
2024-01-14 13:10:00,146.05431435032375
2024-01-14 13:15:00,149.61433012951372
2024-01-14 13:20:00,144.34499227722122
2024-01-14 13:25:00,146.03414429031181
2024-01-14 13:30:00,152.6877013672828
2024-01-14 13:35:00,151.57719334704407
2024-01-14 13:40:00,150.73670879022265
2024-01-14 13:45:00,56.1684217765736
2024-01-14 13:50:00,151.96747953361418
2024-01-14 13:55:00,145.3426915018663
2024-01-14 14:00:00,120.81060570210171
2024-01-14 14:05:00,115.31641459273816
2024-01-14 14:10:00,113.0182118830513
2024-01-14 14:15:00,118.99772298702229
2024-01-14 14:20:00,123.88552473869784
2024-01-14 14:25:00,125.07258153362478
2024-01-14 14:30:00,124.54748336734481
2024-01-14 14:35:00,118.81915067933495
2024-01-14 14:40:00,114.7384798033257
2024-01-14 14:45:00,117.46762030277134
2024-01-14 14:50:00,118.18906534038864
2024-01-14 14:55:00,116.52248917887852
2024-01-14 15:00:00,112.37283839348567
2024-01-14 15:05:00,118.57168157349918
2024-01-14 15:10:00,119.68735820606896
2024-01-14 15:15:00,118.15401077299931
2024-01-14 15:20:00,122.17248931387329
2024-01-14 15:25:00,119.72146682676623
2024-01-14 15:30:00,121.65284430111727
2024-01-14 15:35:00,121.08580568884939
2024-01-14 15:40:00,114.80463240358314
2024-01-14 15:45:00,120.65226203754496
2024-01-14 15:50:00,122.95997342904509
2024-01-14 15:55:00,121.26472045852832
2024-01-14 16:00:00,119.95957983329544
2024-01-14 16:05:00,123.25494877758102
2024-01-14 16:10:00,124.97272671574298
2024-01-14 16:15:00,115.75412292265867
2024-01-14 16:20:00,120.45761725572885
2024-01-14 16:25:00,129.29059913669275
2024-01-14 16:30:00,114.75066856767789
2024-01-14 16:35:00,118.74988453420463
2024-01-14 16:40:00,118.99530709122574
2024-01-14 16:45:00,124.00930609695236
2024-01-14 16:50:00,119.10343193519927
2024-01-14 16:55:00,120.76745620029045
2024-01-14 17:00:00,114.69190467689668
2024-01-14 17:05:00,116.72819214183242
2024-01-14 17:10:00,122.6624846036564
2024-01-14 17:15:00,117.21849078794698
2024-01-14 17:20:00,117.80979522008833
2024-01-14 17:25:00,122.4390834504007
2024-01-14 17:30:00,116.75400295568545
2024-01-14 17:35:00,124.05845154430104
2024-01-14 17:40:00,115.49397339857165
2024-01-14 17:45:00,117.84614550134188
2024-01-14 17:50:00,122.73887349126507
2024-01-14 17:55:00,115.50394485368487
2024-01-14 18:00:00,101.97813113131403
2024-01-14 18:05:00,93.63830692483717
2024-01-14 18:10:00,100.90651337830428
2024-01-14 18:15:00,93.69882916602724
2024-01-14 18:20:00,98.13856608546595
2024-01-14 18:25:00,102.73132594804716
2024-01-14 18:30:00,94.78943671834904
2024-01-14 18:35:00,99.49042920357883
2024-01-14 18:40:00,99.05688802657434
2024-01-14 18:45:00,98.60004181217795
2024-01-14 18:50:00,108.69755977095906
2024-01-14 18:55:00,95.93253118325806
2024-01-14 19:00:00,102.33923154875961
2024-01-14 19:05:00,101.76521410510384
2024-01-14 19:10:00,100.26623208001999
2024-01-14 19:15:00,98.24922884508369
2024-01-14 19:20:00,94.69588803361573
2024-01-14 19:25:00,102.8638434047031
2024-01-14 19:30:00,97.8694852577558
2024-01-14 19:35:00,95.51165790590952
2024-01-14 19:40:00,100.01580992916473
2024-01-14 19:45:00,96.88818882540721
2024-01-14 19:50:00,97.17058059543619
2024-01-14 19:55:00,99.95087190416842
2024-01-14 20:00:00,95.73072167831735
2024-01-14 20:05:00,104.67798231580511
2024-01-14 20:10:00,98.8280752731675
2024-01-14 20:15:00,106.264076282317
2024-01-14 20:20:00,104.16305944741059
2024-01-14 20:25:00,106.17558814510298
2024-01-14 20:30:00,107.60874295808269
2024-01-14 20:35:00,105.2998917052105
2024-01-14 20:40:00,104.6379116966035
2024-01-14 20:45:00,108.21052283128608
2024-01-14 20:50:00,92.61367319209621
2024-01-14 20:55:00,96.96128658891047
2024-01-14 21:00:00,101.8724078547376
2024-01-14 21:05:00,100.20993660058974
2024-01-14 21:10:00,97.9913137157482
2024-01-14 21:15:00,98.73887942557431
2024-01-14 21:20:00,94.74384803083741
2024-01-14 21:25:00,100.99783006808555
2024-01-14 21:30:00,100.40201520083001
2024-01-14 21:35:00,104.2688434087925
2024-01-14 21:40:00,65.26038795631335
2024-01-14 21:45:00,99.25252801450314
2024-01-14 21:50:00,95.82785704595159
2024-01-14 21:55:00,100.79824205447804
2024-01-14 22:00:00,92.84733321146564
2024-01-14 22:05:00,97.9689863917682
2024-01-14 22:10:00,103.21204565350132
2024-01-14 22:15:00,100.09854472914087
2024-01-14 22:20:00,96.27471842766298
2024-01-14 22:25:00,98.12539728052177
2024-01-14 22:30:00,100.54521072307662
2024-01-14 22:35:00,97.11825387074067
2024-01-14 22:40:00,100.1967528992545
2024-01-14 22:45:00,100.11607230663655
2024-01-14 22:50:00,100.33086770454655
2024-01-14 22:55:00,98.61604035817213
2024-01-14 23:00:00,99.39084799327448
2024-01-14 23:05:00,100.34946668177764
2024-01-14 23:10:00,95.60045130397252
2024-01-14 23:15:00,96.6938015853247
2024-01-14 23:20:00,100.4744572969485
2024-01-14 23:25:00,98.9903052954436
2024-01-14 23:30:00,98.19498971805727
2024-01-14 23:35:00,100.36275373664816
2024-01-14 23:40:00,103.12787295719527
2024-01-14 23:45:00,96.98935830853694
2024-01-14 23:50:00,95.37091420898848
2024-01-14 23:55:00,99.76437433729376
2024-01-15 00:00:00,90.35233685901201
2024-01-15 00:05:00,94.57187548628838
2024-01-15 00:10:00,92.17526022068395
2024-01-15 00:15:00,91.51414648543997
2024-01-15 00:20:00,86.53143857223814
2024-01-15 00:25:00,87.52280754679857
2024-01-15 00:30:00,87.0336401899289
2024-01-15 00:35:00,84.71935013884915
2024-01-15 00:40:00,89.63490833465907
2024-01-15 00:45:00,90.88160725151849
2024-01-15 00:50:00,85.01205880033395
2024-01-15 00:55:00,88.34796136389767
2024-01-15 01:00:00,88.43098551478444
2024-01-15 01:05:00,89.1656355267595
2024-01-15 01:10:00,93.51675948237656
2024-01-15 01:15:00,86.8106104000231
2024-01-15 01:20:00,85.93882872034541
2024-01-15 01:25:00,94.73831164369366
2024-01-15 01:30:00,90.6246089068987
2024-01-15 01:35:00,90.1786739522608
2024-01-15 01:40:00,93.32383032274709
2024-01-15 01:45:00,84.62279339337798
2024-01-15 01:50:00,92.4535098650724
2024-01-15 01:55:00,91.08993056722049
2024-01-15 02:00:00,92.33785389098838
2024-01-15 02:05:00,92.63584351808996
2024-01-15 02:10:00,87.79393922948773
2024-01-15 02:15:00,91.09972891924089
2024-01-15 02:20:00,92.81631388168361
2024-01-15 02:25:00,90.06800643537244
2024-01-15 02:30:00,94.45477008527907
2024-01-15 02:35:00,90.20898817241884
2024-01-15 02:40:00,96.49511210382124
2024-01-15 02:45:00,89.74064095737552
2024-01-15 02:50:00,93.85926453562833
2024-01-15 02:55:00,90.79948113479978
2024-01-15 03:00:00,87.25772271203849
2024-01-15 03:05:00,92.79438381419891
2024-01-15 03:10:00,91.05449749916802
2024-01-15 03:15:00,87.542948768612
2024-01-15 03:20:00,89.88298640725057
2024-01-15 03:25:00,88.94219183289137
2024-01-15 03:30:00,93.70521122543533
2024-01-15 03:35:00,86.85605800695332
2024-01-15 03:40:00,86.43846099055366
2024-01-15 03:45:00,87.40266238163004
2024-01-15 03:50:00,89.76220278818558
2024-01-15 03:55:00,91.26006635686586
2024-01-15 04:00:00,91.77926718341517
2024-01-15 04:05:00,65.38462407082875
2024-01-15 04:10:00,95.04308493185714
2024-01-15 04:15:00,93.89631673499798
2024-01-15 04:20:00,90.51408281307596
2024-01-15 04:25:00,88.99688359654353
2024-01-15 04:30:00,85.288918217438
2024-01-15 04:35:00,87.6521078092146
2024-01-15 04:40:00,88.09987062986971
2024-01-15 04:45:00,90.8007443707152
2024-01-15 04:50:00,92.5697168889906
2024-01-15 04:55:00,89.95784438091695
2024-01-15 05:00:00,96.14043207707675
2024-01-15 05:05:00,91.83426147653137
2024-01-15 05:10:00,90.7759766091409
2024-01-15 05:15:00,90.63563077052576
2024-01-15 05:20:00,86.29257111003783
2024-01-15 05:25:00,89.60053263591767
2024-01-15 05:30:00,85.76975595382429
2024-01-15 05:35:00,88.82841258909522
2024-01-15 05:40:00,51.287497670300795
2024-01-15 05:45:00,91.56083990627093
2024-01-15 05:50:00,86.31076901453417
2024-01-15 05:55:00,83.74844839909045
2024-01-15 06:00:00,107.65706424528538
2024-01-15 06:05:00,105.7197126736443
2024-01-15 06:10:00,109.98668808774947
2024-01-15 06:15:00,109.78992757566569
2024-01-15 06:20:00,112.92678396587328
2024-01-15 06:25:00,108.92039659831653
2024-01-15 06:30:00,110.24853675613679
2024-01-15 06:35:00,107.94400860861339
2024-01-15 06:40:00,117.65790028936209
2024-01-15 06:45:00,105.73250234273696
2024-01-15 06:50:00,107.14927826661838
2024-01-15 06:55:00,111.19514149621753
2024-01-15 07:00:00,60.824412560657876
2024-01-15 07:05:00,101.75494806680481
2024-01-15 07:10:00,115.09730613251334
2024-01-15 07:15:00,112.50224562039341
2024-01-15 07:20:00,104.70560268493942
2024-01-15 07:25:00,105.79156399564737
2024-01-15 07:30:00,114.2130303582445
2024-01-15 07:35:00,107.48378081207368
2024-01-15 07:40:00,108.37540736506195
2024-01-15 07:45:00,109.60205215021476
2024-01-15 07:50:00,111.38774752768256
2024-01-15 07:55:00,115.1571624014102
2024-01-15 08:00:00,140.177978838
2024-01-15 08:05:00,58.29661343777908
2024-01-15 08:10:00,142.81401722694585
2024-01-15 08:15:00,138.68634657170526
2024-01-15 08:20:00,138.75503685067642
2024-01-15 08:25:00,143.1937016344255
2024-01-15 08:30:00,146.45642169549873
2024-01-15 08:35:00,139.44508925865495
2024-01-15 08:40:00,142.51465460105206
2024-01-15 08:45:00,142.85306252453776
2024-01-15 08:50:00,142.95420690091126
2024-01-15 08:55:00,52.14471603539047
2024-01-15 09:00:00,139.81257535002268
2024-01-15 09:05:00,135.27952033349573
2024-01-15 09:10:00,135.94318636124132
2024-01-15 09:15:00,141.5630287858342
2024-01-15 09:20:00,138.8387668902187
2024-01-15 09:25:00,140.39593061048004
2024-01-15 09:30:00,141.5061815973957
2024-01-15 09:35:00,143.23898975421358
2024-01-15 09:40:00,142.59163099748469
2024-01-15 09:45:00,144.33764682175635
2024-01-15 09:50:00,141.7466854200146
2024-01-15 09:55:00,142.47987991285365
2024-01-15 10:00:00,141.82747961705027
2024-01-15 10:05:00,142.30217643944266
2024-01-15 10:10:00,134.86270072898685
2024-01-15 10:15:00,140.78263721453595
2024-01-15 10:20:00,149.9352712803616
2024-01-15 10:25:00,140.07849853223237
2024-01-15 10:30:00,140.35583775598
2024-01-15 10:35:00,139.4537144215854
2024-01-15 10:40:00,142.9819118170358
2024-01-15 10:45:00,143.69542253910822
2024-01-15 10:50:00,142.35646664779014
2024-01-15 10:55:00,141.01853539136022
2024-01-15 11:00:00,141.70156590236832
2024-01-15 11:05:00,143.37734064516303
2024-01-15 11:10:00,141.25216702978616
2024-01-15 11:15:00,136.69012634253025
2024-01-15 11:20:00,137.17240856344245
2024-01-15 11:25:00,142.71540488581962
2024-01-15 11:30:00,142.98882282158266
2024-01-15 11:35:00,144.7018566805534
2024-01-15 11:40:00,140.91342897465196
2024-01-15 11:45:00,143.16810720465276
2024-01-15 11:50:00,60.02465453356816
2024-01-15 11:55:00,137.91114836484195
2024-01-15 12:00:00,145.79485968711614
2024-01-15 12:05:00,148.3433184706536
2024-01-15 12:10:00,146.28207062691783
2024-01-15 12:15:00,154.27625349381637
2024-01-15 12:20:00,149.84396170633806
2024-01-15 12:25:00,67.55883127999212
2024-01-15 12:30:00,157.856821267921
2024-01-15 12:35:00,152.37582763507254
2024-01-15 12:40:00,146.98336328874183
2024-01-15 12:45:00,145.24975967936945
2024-01-15 12:50:00,150.54450399849975
2024-01-15 12:55:00,144.65277979185075
2024-01-15 13:00:00,146.11683874845295
2024-01-15 13:05:00,147.17462289615582
2024-01-15 13:10:00,144.37613829429165
2024-01-15 13:15:00,150.4673802393833
2024-01-15 13:20:00,153.03111933342956
2024-01-15 13:25:00,150.4851259193313
2024-01-15 13:30:00,152.83314327867853
2024-01-15 13:35:00,151.743732293535
2024-01-15 13:40:00,153.66009628885374
2024-01-15 13:45:00,148.7979789129922
2024-01-15 13:50:00,151.7250255516369
2024-01-15 13:55:00,151.63277903273837
2024-01-15 14:00:00,118.28605438673813
2024-01-15 14:05:00,121.72773409801957
2024-01-15 14:10:00,65.46784449257545
2024-01-15 14:15:00,118.2969304828881
2024-01-15 14:20:00,124.69595192014849
2024-01-15 14:25:00,50.81001372963839
2024-01-15 14:30:00,123.48654923266399
2024-01-15 14:35:00,124.69253052861791
2024-01-15 14:40:00,127.2179081891092
2024-01-15 14:45:00,120.95109789389514
2024-01-15 14:50:00,121.99107745445916
2024-01-15 14:55:00,117.08202517983898
2024-01-15 15:00:00,118.56957995814251
2024-01-15 15:05:00,119.9978669433336
2024-01-15 15:10:00,121.18185216273709
2024-01-15 15:15:00,117.07077003130298
2024-01-15 15:20:00,112.73665058904814
2024-01-15 15:25:00,125.49648561117476
2024-01-15 15:30:00,120.87605274930189
2024-01-15 15:35:00,116.13548393778329
2024-01-15 15:40:00,123.97387802833778
2024-01-15 15:45:00,120.87808069786995
2024-01-15 15:50:00,69.70874768739321
2024-01-15 15:55:00,120.36941789228636
2024-01-15 16:00:00,119.93938616638461
2024-01-15 16:05:00,113.88474423909128
2024-01-15 16:10:00,119.55057917966288
2024-01-15 16:15:00,117.5325181758223
2024-01-15 16:20:00,66.70434521217538
2024-01-15 16:25:00,120.4976633390548
2024-01-15 16:30:00,123.02068438780046
2024-01-15 16:35:00,113.89024925674366
2024-01-15 16:40:00,121.55003096518166
2024-01-15 16:45:00,60.4822308245391
2024-01-15 16:50:00,59.36819090048718
2024-01-15 16:55:00,120.61489647100686
2024-01-15 17:00:00,118.5102109493341
2024-01-15 17:05:00,116.09210133862616
2024-01-15 17:10:00,121.52727260842879
2024-01-15 17:15:00,115.55106745287341
2024-01-15 17:20:00,113.01608386719519
2024-01-15 17:25:00,114.61232610056531
2024-01-15 17:30:00,117.8200525414524
2024-01-15 17:35:00,117.49086658738116
2024-01-15 17:40:00,121.69965709037099
2024-01-15 17:45:00,118.69001791422588
2024-01-15 17:50:00,113.27694424122548
2024-01-15 17:55:00,128.61737592280795
2024-01-15 18:00:00,97.37100008796092
2024-01-15 18:05:00,101.05669009747064
2024-01-15 18:10:00,106.15207335774906
2024-01-15 18:15:00,97.74070871931139
2024-01-15 18:20:00,97.18964773790864
2024-01-15 18:25:00,101.64936074243641
2024-01-15 18:30:00,102.66481313076753
2024-01-15 18:35:00,97.91990255257
2024-01-15 18:40:00,98.74421965291087
2024-01-15 18:45:00,101.59678134722259
2024-01-15 18:50:00,98.91377714163576
2024-01-15 18:55:00,106.94912372787637
2024-01-15 19:00:00,97.05753120914405
2024-01-15 19:05:00,99.49870686092227
2024-01-15 19:10:00,104.96145351659854
2024-01-15 19:15:00,103.0042637056646
2024-01-15 19:20:00,105.55454143869356
2024-01-15 19:25:00,100.85150486878584
2024-01-15 19:30:00,104.51896321170534
2024-01-15 19:35:00,93.17546400968159
2024-01-15 19:40:00,93.90670744159753
2024-01-15 19:45:00,97.95090461380623
2024-01-15 19:50:00,101.76204732263282
2024-01-15 19:55:00,106.50937056128109
2024-01-15 20:00:00,94.02811071660321
2024-01-15 20:05:00,107.56391558449765
2024-01-15 20:10:00,105.36146886203153
2024-01-15 20:15:00,100.54837196079403
2024-01-15 20:20:00,104.26095617099588
2024-01-15 20:25:00,97.80244273260747
2024-01-15 20:30:00,102.23538777616686
2024-01-15 20:35:00,99.9552776750135
2024-01-15 20:40:00,102.38589190151214
2024-01-15 20:45:00,98.09271760656983
2024-01-15 20:50:00,96.91354664834168
2024-01-15 20:55:00,92.54826562602615
2024-01-15 21:00:00,99.62578922326902
2024-01-15 21:05:00,103.25973539268556
2024-01-15 21:10:00,99.22544506379207
2024-01-15 21:15:00,99.581855286634
2024-01-15 21:20:00,100.27404801739844
2024-01-15 21:25:00,100.9091905707615
2024-01-15 21:30:00,104.36058305018639
2024-01-15 21:35:00,97.3051304728368
2024-01-15 21:40:00,97.64374250756576
2024-01-15 21:45:00,99.1857413962022
2024-01-15 21:50:00,102.62733501819456
2024-01-15 21:55:00,95.89037768193278
2024-01-15 22:00:00,98.45807853390095
2024-01-15 22:05:00,94.93957645957393
2024-01-15 22:10:00,95.67821932935989
2024-01-15 22:15:00,97.27476852867541
2024-01-15 22:20:00,109.1339863871519
2024-01-15 22:25:00,106.79903808972409
2024-01-15 22:30:00,51.239500719790385
2024-01-15 22:35:00,102.01032459893938
2024-01-15 22:40:00,103.72965963723858
2024-01-15 22:45:00,96.75345922402293
2024-01-15 22:50:00,98.46966262361029
2024-01-15 22:55:00,96.64143899389896
2024-01-15 23:00:00,99.65476356844475
2024-01-15 23:05:00,105.95741201920647
2024-01-15 23:10:00,98.92533472079727
2024-01-15 23:15:00,99.14573083557435
2024-01-15 23:20:00,92.52704742201243
2024-01-15 23:25:00,94.11878877917552
2024-01-15 23:30:00,100.93081086534295
2024-01-15 23:35:00,59.594003250670916
2024-01-15 23:40:00,103.37368528471208
2024-01-15 23:45:00,104.01554242383858
2024-01-15 23:50:00,93.68190804879855
2024-01-15 23:55:00,99.7878583551675
2024-01-16 00:00:00,86.46271614430205
2024-01-16 00:05:00,87.93368478255043
2024-01-16 00:10:00,84.75466582056269
2024-01-16 00:15:00,86.63449582216815
2024-01-16 00:20:00,83.47642787978319
2024-01-16 00:25:00,60.441904738295776
2024-01-16 00:30:00,83.98031564444423
2024-01-16 00:35:00,94.13767006870947
2024-01-16 00:40:00,93.69661868796679
2024-01-16 00:45:00,93.31249022715568
2024-01-16 00:50:00,81.42635544444606
2024-01-16 00:55:00,85.95285543484388
2024-01-16 01:00:00,85.54234106738085
2024-01-16 01:05:00,93.09170212308118
2024-01-16 01:10:00,90.4522969791639
2024-01-16 01:15:00,93.27631265316506
2024-01-16 01:20:00,85.5203301045828
2024-01-16 01:25:00,94.13603882323554
2024-01-16 01:30:00,91.35710100505038
2024-01-16 01:35:00,88.53718217265893
2024-01-16 01:40:00,89.40198959616431
2024-01-16 01:45:00,86.56255401094882
2024-01-16 01:50:00,82.43155188523423
2024-01-16 01:55:00,95.12692001051832
2024-01-16 02:00:00,68.62044558141989
2024-01-16 02:05:00,86.69630577967764
2024-01-16 02:10:00,91.29494095295082
2024-01-16 02:15:00,92.0718490699781
2024-01-16 02:20:00,87.9533348254408
2024-01-16 02:25:00,58.462268619915726
2024-01-16 02:30:00,88.6076182294903
2024-01-16 02:35:00,81.73585513630977
2024-01-16 02:40:00,51.38632522742634
2024-01-16 02:45:00,94.2542162557702
2024-01-16 02:50:00,87.36217960779477
2024-01-16 02:55:00,90.36281512190247
2024-01-16 03:00:00,91.55485894780223
2024-01-16 03:05:00,101.2136240287723
2024-01-16 03:10:00,92.03616359401737
2024-01-16 03:15:00,87.3667511610615
2024-01-16 03:20:00,88.33084301928152
2024-01-16 03:25:00,92.32146282093862
2024-01-16 03:30:00,86.92768238403335
2024-01-16 03:35:00,87.05628552177137
2024-01-16 03:40:00,88.00548625441066
2024-01-16 03:45:00,86.01302481763508
2024-01-16 03:50:00,92.02282490594183
2024-01-16 03:55:00,92.19130149019992
2024-01-16 04:00:00,91.41353563267049
2024-01-16 04:05:00,91.85723401910893
2024-01-16 04:10:00,90.99082690653103
2024-01-16 04:15:00,82.93894988868405
2024-01-16 04:20:00,90.10147424388363
2024-01-16 04:25:00,99.95625322512178
2024-01-16 04:30:00,94.75545072085022
2024-01-16 04:35:00,90.73727987657567
2024-01-16 04:40:00,93.40309018830179
2024-01-16 04:45:00,88.39078060165326
2024-01-16 04:50:00,95.15920818649633
2024-01-16 04:55:00,89.28497446426482
2024-01-16 05:00:00,93.35479282150501
2024-01-16 05:05:00,86.08539762908092
2024-01-16 05:10:00,87.17001479613738
2024-01-16 05:15:00,91.91724219291903
2024-01-16 05:20:00,94.06399288519424
2024-01-16 05:25:00,90.53983398986725
2024-01-16 05:30:00,89.8162957899547
2024-01-16 05:35:00,91.37830795832367
2024-01-16 05:40:00,84.79322463950615
2024-01-16 05:45:00,92.58837796826764
2024-01-16 05:50:00,81.89604287386123
2024-01-16 05:55:00,84.73044368342235
2024-01-16 06:00:00,53.17196011676084
2024-01-16 06:05:00,116.15783716328275
2024-01-16 06:10:00,103.65716207869683
2024-01-16 06:15:00,112.03062966089897
2024-01-16 06:20:00,112.81960985843118
2024-01-16 06:25:00,108.23310636913524
2024-01-16 06:30:00,109.23429519776177
2024-01-16 06:35:00,108.69449329687784
2024-01-16 06:40:00,108.97829773118708
2024-01-16 06:45:00,109.57808820129007
2024-01-16 06:50:00,108.89724171589026
2024-01-16 06:55:00,107.49439275930257
2024-01-16 07:00:00,103.57940655720446
2024-01-16 07:05:00,108.48350783672741
2024-01-16 07:10:00,107.45337711483457
2024-01-16 07:15:00,107.53655084109499
2024-01-16 07:20:00,108.09631424797232
2024-01-16 07:25:00,105.66374498240418
2024-01-16 07:30:00,108.56600578345952
2024-01-16 07:35:00,106.56312052766494
2024-01-16 07:40:00,108.40040217908326
2024-01-16 07:45:00,114.0708781777705
2024-01-16 07:50:00,113.95207885832862
2024-01-16 07:55:00,108.43280440079863
2024-01-16 08:00:00,138.4045386812838
2024-01-16 08:05:00,136.2804546605911
2024-01-16 08:10:00,141.98527903734603
2024-01-16 08:15:00,140.03169713289617
2024-01-16 08:20:00,55.473910319326976
2024-01-16 08:25:00,143.73128597895095
2024-01-16 08:30:00,143.69438577506045
2024-01-16 08:35:00,138.74483513401464
2024-01-16 08:40:00,144.1672765319816
2024-01-16 08:45:00,138.87756099882156
2024-01-16 08:50:00,134.89050671097004
2024-01-16 08:55:00,135.99604921592606
2024-01-16 09:00:00,143.95962600525246
2024-01-16 09:05:00,139.20490567021818
2024-01-16 09:10:00,140.14836508518127
2024-01-16 09:15:00,134.88874763820567
2024-01-16 09:20:00,144.78804944453347
2024-01-16 09:25:00,63.47033054944218
2024-01-16 09:30:00,137.18342698135845
2024-01-16 09:35:00,135.63154973559793
2024-01-16 09:40:00,140.99184673204476
2024-01-16 09:45:00,136.17455715163172
2024-01-16 09:50:00,137.31451761946985
2024-01-16 09:55:00,134.05027939606464
2024-01-16 10:00:00,140.08370533026329
2024-01-16 10:05:00,142.82251773484512
2024-01-16 10:10:00,137.99304065243092
2024-01-16 10:15:00,134.6016461817805
2024-01-16 10:20:00,140.64407112620103
2024-01-16 10:25:00,137.35911447744076
2024-01-16 10:30:00,137.83756172995191
2024-01-16 10:35:00,136.7126852809099
2024-01-16 10:40:00,144.6253106496207
2024-01-16 10:45:00,138.04111540173355
2024-01-16 10:50:00,139.679176043763
2024-01-16 10:55:00,138.47423374395134
2024-01-16 11:00:00,145.23537807843815
2024-01-16 11:05:00,140.39325506781984
2024-01-16 11:10:00,146.26147964286977
2024-01-16 11:15:00,145.09057906210467
2024-01-16 11:20:00,136.48257706415012
2024-01-16 11:25:00,139.51513946350906
2024-01-16 11:30:00,62.16638802800134
2024-01-16 11:35:00,142.73176012418548
2024-01-16 11:40:00,140.25812085718695
2024-01-16 11:45:00,136.32581290495955
2024-01-16 11:50:00,142.29683064544218
2024-01-16 11:55:00,143.64063547555148
2024-01-16 12:00:00,150.1846304153564
2024-01-16 12:05:00,147.32094353199352
2024-01-16 12:10:00,150.82723059580982
2024-01-16 12:15:00,149.53092997666013
2024-01-16 12:20:00,151.83223224731555
2024-01-16 12:25:00,149.80028823942462
2024-01-16 12:30:00,53.42565272584303
2024-01-16 12:35:00,155.44099573164857
2024-01-16 12:40:00,150.55919817868926
2024-01-16 12:45:00,149.27529434072903
2024-01-16 12:50:00,148.54648364365133
2024-01-16 12:55:00,155.53095483337614
2024-01-16 13:00:00,144.35691005031728
2024-01-16 13:05:00,153.06538124287908
2024-01-16 13:10:00,152.7026367123968
2024-01-16 13:15:00,147.2443385497722
2024-01-16 13:20:00,59.77287794197517
2024-01-16 13:25:00,151.75084857910275
2024-01-16 13:30:00,151.90489842996305
2024-01-16 13:35:00,150.42953389829415
2024-01-16 13:40:00,52.72770785867353
2024-01-16 13:45:00,153.03712128263084
2024-01-16 13:50:00,58.03290354424084
2024-01-16 13:55:00,156.1054789005471
2024-01-16 14:00:00,119.24046994446454
2024-01-16 14:05:00,123.20220626136563
2024-01-16 14:10:00,121.5002038121467
2024-01-16 14:15:00,66.86783292658141
2024-01-16 14:20:00,119.68648753588435
2024-01-16 14:25:00,121.65280546516232
2024-01-16 14:30:00,121.46555108193557
2024-01-16 14:35:00,122.08677595830763
2024-01-16 14:40:00,124.49142273282123
2024-01-16 14:45:00,119.02129962215243
2024-01-16 14:50:00,118.98851150935414
2024-01-16 14:55:00,114.36145057948296
2024-01-16 15:00:00,122.4465576679857
2024-01-16 15:05:00,124.59073366560929
2024-01-16 15:10:00,111.65803004115165
2024-01-16 15:15:00,118.98367678283854
2024-01-16 15:20:00,121.16077122182398
2024-01-16 15:25:00,119.1924631684139
2024-01-16 15:30:00,117.11784040039782
2024-01-16 15:35:00,125.10361834738886
2024-01-16 15:40:00,116.41736152543422
2024-01-16 15:45:00,114.29979794463955
2024-01-16 15:50:00,113.3214525584155
2024-01-16 15:55:00,118.11103747463419
2024-01-16 16:00:00,117.20755550085974
2024-01-16 16:05:00,126.79371641931782
2024-01-16 16:10:00,122.46251159169607
2024-01-16 16:15:00,124.12543339354224
2024-01-16 16:20:00,124.94516285353629
2024-01-16 16:25:00,119.20482334540294
2024-01-16 16:30:00,119.33543656500257
2024-01-16 16:35:00,118.82505894423866
2024-01-16 16:40:00,124.81328349283781
2024-01-16 16:45:00,119.33423447521372
2024-01-16 16:50:00,116.42139052142734
2024-01-16 16:55:00,121.14137872573731
2024-01-16 17:00:00,122.21827188104909
2024-01-16 17:05:00,123.22422993833149
2024-01-16 17:10:00,112.17402225631027
2024-01-16 17:15:00,119.7646154874145
2024-01-16 17:20:00,124.7218156940398
2024-01-16 17:25:00,118.03177878408471
2024-01-16 17:30:00,123.80649826309342
2024-01-16 17:35:00,124.05971549397204
2024-01-16 17:40:00,118.34236349669139
2024-01-16 17:45:00,120.1071098023703
2024-01-16 17:50:00,127.23170047526332
2024-01-16 17:55:00,114.50490525746275
2024-01-16 18:00:00,64.88561878588328
2024-01-16 18:05:00,106.43756793459289
2024-01-16 18:10:00,95.83731265826302
2024-01-16 18:15:00,98.05608102334472
2024-01-16 18:20:00,97.42479979085665
2024-01-16 18:25:00,96.0429175825693
2024-01-16 18:30:00,96.46782949140196
2024-01-16 18:35:00,101.71423110221215
2024-01-16 18:40:00,100.37336496262803
2024-01-16 18:45:00,104.87742953993487
2024-01-16 18:50:00,103.6198782354077
2024-01-16 18:55:00,96.03850236666558
2024-01-16 19:00:00,97.49780189043763
2024-01-16 19:05:00,97.47843012302967
2024-01-16 19:10:00,63.13588009260064
2024-01-16 19:15:00,105.76759362443825
2024-01-16 19:20:00,97.41330601103134
2024-01-16 19:25:00,100.37502067524825
2024-01-16 19:30:00,101.4792742211945
2024-01-16 19:35:00,96.27995823755175
2024-01-16 19:40:00,105.7425062246708
2024-01-16 19:45:00,104.59312183601511
2024-01-16 19:50:00,100.71380899491002
2024-01-16 19:55:00,104.90563526185628
2024-01-16 20:00:00,91.04530284281202
2024-01-16 20:05:00,103.71560873888662
2024-01-16 20:10:00,97.17921125144908
2024-01-16 20:15:00,90.31660277651606
2024-01-16 20:20:00,103.31746084377093
2024-01-16 20:25:00,61.30770320198392
2024-01-16 20:30:00,103.0248350066445
2024-01-16 20:35:00,101.33549595517276
2024-01-16 20:40:00,102.3940778707301
2024-01-16 20:45:00,99.33644032504829
2024-01-16 20:50:00,100.70913161008956
2024-01-16 20:55:00,94.28310242524363
2024-01-16 21:00:00,94.66988591083351
2024-01-16 21:05:00,104.32862170676084
2024-01-16 21:10:00,62.37844712469443
2024-01-16 21:15:00,105.98571205536268
2024-01-16 21:20:00,101.6440368364184
2024-01-16 21:25:00,101.24642729549008
2024-01-16 21:30:00,103.90327250314357
2024-01-16 21:35:00,100.00248644116775
2024-01-16 21:40:00,106.56279045714025
2024-01-16 21:45:00,94.86954974972356
2024-01-16 21:50:00,106.15593551251456
2024-01-16 21:55:00,97.55086829720902
2024-01-16 22:00:00,91.3882373561965
2024-01-16 22:05:00,61.781203070505825
2024-01-16 22:10:00,100.34481070668349
2024-01-16 22:15:00,97.98426975427907
2024-01-16 22:20:00,95.84145360806603
2024-01-16 22:25:00,93.16211671040818
2024-01-16 22:30:00,99.22278101727365
2024-01-16 22:35:00,91.88820706726527
2024-01-16 22:40:00,102.29383768017435
2024-01-16 22:45:00,104.9032883007043
2024-01-16 22:50:00,102.05764295888221
2024-01-16 22:55:00,100.88967227795706
2024-01-16 23:00:00,100.15057972300956
2024-01-16 23:05:00,95.52730023041275
2024-01-16 23:10:00,98.70169338131107
2024-01-16 23:15:00,108.32666126360255
2024-01-16 23:20:00,97.70152246117394
2024-01-16 23:25:00,102.02363158160092
2024-01-16 23:30:00,98.64864468857778
2024-01-16 23:35:00,99.64313087257166
2024-01-16 23:40:00,94.83585641447804
2024-01-16 23:45:00,96.61515582068205
2024-01-16 23:50:00,97.6432886230994
2024-01-16 23:55:00,96.7905659131369
2024-01-17 00:00:00,93.47863980300885
2024-01-17 00:05:00,88.30197159142746
2024-01-17 00:10:00,95.35495916304446
2024-01-17 00:15:00,95.29637812971869
2024-01-17 00:20:00,94.8308784952602
2024-01-17 00:25:00,84.96044565809653
2024-01-17 00:30:00,89.12370283389929
2024-01-17 00:35:00,83.6420673596716
2024-01-17 00:40:00,94.6466691350743
2024-01-17 00:45:00,91.38984657462562
2024-01-17 00:50:00,91.77156346306168
2024-01-17 00:55:00,88.7196304415257
2024-01-17 01:00:00,94.07609173765832
2024-01-17 01:05:00,86.77646080889072
2024-01-17 01:10:00,85.54482493949281
2024-01-17 01:15:00,89.03991982513428
2024-01-17 01:20:00,88.60514389409904
2024-01-17 01:25:00,83.92820424132778
2024-01-17 01:30:00,63.028007174018335
2024-01-17 01:35:00,91.51107554167127
2024-01-17 01:40:00,86.11333290463574
2024-01-17 01:45:00,90.41580722396377
2024-01-17 01:50:00,83.80056233639088
2024-01-17 01:55:00,88.32879329408648
2024-01-17 02:00:00,88.69683813449791
2024-01-17 02:05:00,92.37953443244488
2024-01-17 02:10:00,51.43077643780753
2024-01-17 02:15:00,85.83287986923757
2024-01-17 02:20:00,88.55299257907538
2024-01-17 02:25:00,87.99984321948264
2024-01-17 02:30:00,90.04550591673993
2024-01-17 02:35:00,85.15222770020435
2024-01-17 02:40:00,92.86408747858445
2024-01-17 02:45:00,89.35353445599578
2024-01-17 02:50:00,89.99300756437555
2024-01-17 02:55:00,88.87157409080531
2024-01-17 03:00:00,88.91523706511553
2024-01-17 03:05:00,86.8044277549535
2024-01-17 03:10:00,85.23797822324418
2024-01-17 03:15:00,87.22668530608712
2024-01-17 03:20:00,88.1814670373287
2024-01-17 03:25:00,87.00343263683112
2024-01-17 03:30:00,89.52229091387956
2024-01-17 03:35:00,92.23257009091415
2024-01-17 03:40:00,93.65122940114532
2024-01-17 03:45:00,88.10140923536808
2024-01-17 03:50:00,97.26279331324103
2024-01-17 03:55:00,92.26595100747886
2024-01-17 04:00:00,68.67233038460735
2024-01-17 04:05:00,92.894329728382
2024-01-17 04:10:00,90.41797954778936
2024-01-17 04:15:00,92.8122895848522
2024-01-17 04:20:00,97.33001437146012
2024-01-17 04:25:00,95.44356202164956
2024-01-17 04:30:00,90.55683442973577
2024-01-17 04:35:00,95.03412137923547
2024-01-17 04:40:00,85.1442578221289
2024-01-17 04:45:00,86.61525730859245
2024-01-17 04:50:00,56.70248533392449
2024-01-17 04:55:00,90.66443499290801
2024-01-17 05:00:00,93.55023760877975
2024-01-17 05:05:00,91.91072626053015
2024-01-17 05:10:00,94.63514567228573
2024-01-17 05:15:00,92.93253042550266
2024-01-17 05:20:00,92.67464038994636
2024-01-17 05:25:00,88.31050102486745
2024-01-17 05:30:00,90.5664673085847
2024-01-17 05:35:00,92.08120267808486
2024-01-17 05:40:00,94.16483155143256
2024-01-17 05:45:00,95.9945692724232
2024-01-17 05:50:00,92.79561700321504
2024-01-17 05:55:00,89.30963108605216
2024-01-17 06:00:00,107.36081613379713
2024-01-17 06:05:00,109.672897662229
2024-01-17 06:10:00,106.13750760082264
2024-01-17 06:15:00,106.60110634635176
2024-01-17 06:20:00,107.89893929254877
2024-01-17 06:25:00,114.09059687797028
2024-01-17 06:30:00,111.42563457667244
2024-01-17 06:35:00,115.79210630051833
2024-01-17 06:40:00,104.65859456633156
2024-01-17 06:45:00,113.67703340740748
2024-01-17 06:50:00,60.843398208914294
2024-01-17 06:55:00,65.5707074200681
2024-01-17 07:00:00,112.44635887579645
2024-01-17 07:05:00,53.17083071183221
2024-01-17 07:10:00,105.10366693491376
2024-01-17 07:15:00,111.1486393105037
2024-01-17 07:20:00,109.73626808533899
2024-01-17 07:25:00,104.75716074780564
2024-01-17 07:30:00,112.20746886092091
2024-01-17 07:35:00,112.35255740787171
2024-01-17 07:40:00,102.06021126229902
2024-01-17 07:45:00,106.64137319910971
2024-01-17 07:50:00,111.56371221591836
2024-01-17 07:55:00,114.3614363987112
2024-01-17 08:00:00,149.19583227307888
2024-01-17 08:05:00,143.20644122155178
2024-01-17 08:10:00,139.60301564596355
2024-01-17 08:15:00,147.3692962041564
2024-01-17 08:20:00,131.7926616316753
2024-01-17 08:25:00,140.56856164579645
2024-01-17 08:30:00,139.5594140105614
2024-01-17 08:35:00,143.70883395592924
2024-01-17 08:40:00,139.86150080208688
2024-01-17 08:45:00,135.32138716951007
2024-01-17 08:50:00,141.07326615855428
2024-01-17 08:55:00,146.4054477648179
2024-01-17 09:00:00,144.60301652177387
2024-01-17 09:05:00,144.5341301107058
2024-01-17 09:10:00,140.7005661862615
2024-01-17 09:15:00,140.6488635749765
2024-01-17 09:20:00,140.18264110878295
2024-01-17 09:25:00,134.1726339583073
2024-01-17 09:30:00,139.26875257520177
2024-01-17 09:35:00,142.10021635154055
2024-01-17 09:40:00,138.83608366754137
2024-01-17 09:45:00,140.9731561252031
2024-01-17 09:50:00,138.4835389599757
2024-01-17 09:55:00,142.33855979758624
2024-01-17 10:00:00,139.34490104216948
2024-01-17 10:05:00,140.307606814169
2024-01-17 10:10:00,145.70387009073065
2024-01-17 10:15:00,56.774889884873446
2024-01-17 10:20:00,138.61604650406844
2024-01-17 10:25:00,144.18150278200218
2024-01-17 10:30:00,142.52149756867752
2024-01-17 10:35:00,145.8378911305297
2024-01-17 10:40:00,140.69483704409475
2024-01-17 10:45:00,144.11016174054666
2024-01-17 10:50:00,135.92275671966794
2024-01-17 10:55:00,139.92107454111704
2024-01-17 11:00:00,143.79426587301742
2024-01-17 11:05:00,139.52980791187113
2024-01-17 11:10:00,56.40723940984613
2024-01-17 11:15:00,141.86418761151162
2024-01-17 11:20:00,135.50101576517156
2024-01-17 11:25:00,144.42424274458472
2024-01-17 11:30:00,141.94951094990444
2024-01-17 11:35:00,147.64656433198752
2024-01-17 11:40:00,136.22435648107165
2024-01-17 11:45:00,142.10588430443974
2024-01-17 11:50:00,54.873220250836894
2024-01-17 11:55:00,134.67520562244698
2024-01-17 12:00:00,146.70356863389878
2024-01-17 12:05:00,150.97686060240613
2024-01-17 12:10:00,151.1180960658165
2024-01-17 12:15:00,154.8521782284187
2024-01-17 12:20:00,150.68038102034768
2024-01-17 12:25:00,144.96619136135143
2024-01-17 12:30:00,154.18596589313677
2024-01-17 12:35:00,146.62422968511987
2024-01-17 12:40:00,61.248978825428374
2024-01-17 12:45:00,149.60279136612752
2024-01-17 12:50:00,69.18016887217452
2024-01-17 12:55:00,149.39175726289653
2024-01-17 13:00:00,145.02570479550255
2024-01-17 13:05:00,149.77960932597497
2024-01-17 13:10:00,149.8591209199635
2024-01-17 13:15:00,148.37728945080116
2024-01-17 13:20:00,141.43496119551224
2024-01-17 13:25:00,147.89530829761048
2024-01-17 13:30:00,151.42388269016092
2024-01-17 13:35:00,158.57025723912898
2024-01-17 13:40:00,150.5019482977316
2024-01-17 13:45:00,63.445430152683855
2024-01-17 13:50:00,147.28561464518646
2024-01-17 13:55:00,141.22577249317112
2024-01-17 14:00:00,121.95183598414138
2024-01-17 14:05:00,110.35362288518947
2024-01-17 14:10:00,120.64301348088304
2024-01-17 14:15:00,121.85970560513161
2024-01-17 14:20:00,125.50997222005944
2024-01-17 14:25:00,119.93138530091991
2024-01-17 14:30:00,125.11819911256528
2024-01-17 14:35:00,120.1245713966441
2024-01-17 14:40:00,125.8366018490764
2024-01-17 14:45:00,116.72642283453477
2024-01-17 14:50:00,119.02759766578303
2024-01-17 14:55:00,121.12828452596098
2024-01-17 15:00:00,125.69002115160303
2024-01-17 15:05:00,122.92003596308355
2024-01-17 15:10:00,117.21842816850517
2024-01-17 15:15:00,121.25086640776857
2024-01-17 15:20:00,121.34851536075286
2024-01-17 15:25:00,124.66500238505333
2024-01-17 15:30:00,119.75804567254396
2024-01-17 15:35:00,118.41408877809413
2024-01-17 15:40:00,117.64149790540114
2024-01-17 15:45:00,120.56326278321676
2024-01-17 15:50:00,118.19569181707762
2024-01-17 15:55:00,120.44026845642068
2024-01-17 16:00:00,112.96617063987945
2024-01-17 16:05:00,120.84087890757
2024-01-17 16:10:00,58.63535076397116
2024-01-17 16:15:00,120.83598442479902
2024-01-17 16:20:00,114.0182999528912
2024-01-17 16:25:00,113.86030808383406
2024-01-17 16:30:00,120.27100933265791
2024-01-17 16:35:00,126.11703129850306
2024-01-17 16:40:00,114.7513477234525
2024-01-17 16:45:00,115.80033449441036
2024-01-17 16:50:00,122.72042523083607
2024-01-17 16:55:00,122.0839506026525
2024-01-17 17:00:00,121.50113775503469
2024-01-17 17:05:00,122.43988364292977
2024-01-17 17:10:00,126.70300343918761
2024-01-17 17:15:00,119.56645673674741
2024-01-17 17:20:00,125.4193230298624
2024-01-17 17:25:00,115.93681460756886
2024-01-17 17:30:00,121.90168465560711
2024-01-17 17:35:00,122.24553879860804
2024-01-17 17:40:00,126.97801005402505
2024-01-17 17:45:00,117.93413120659335
2024-01-17 17:50:00,115.99845803518518
2024-01-17 17:55:00,118.19190217538669
2024-01-17 18:00:00,104.37934535048596
2024-01-17 18:05:00,65.26348771219477
2024-01-17 18:10:00,101.92389471323543
2024-01-17 18:15:00,106.39015396410399
2024-01-17 18:20:00,94.33403480741221
2024-01-17 18:25:00,101.93336271216226
2024-01-17 18:30:00,103.9856904612194
2024-01-17 18:35:00,103.6439690597641
2024-01-17 18:40:00,100.26790269618158
2024-01-17 18:45:00,98.48340906433388
2024-01-17 18:50:00,104.41849792346981
2024-01-17 18:55:00,99.55783490958837
2024-01-17 19:00:00,106.87082894991268
2024-01-17 19:05:00,101.07910221210726
2024-01-17 19:10:00,107.6367063001364
2024-01-17 19:15:00,95.94228102311321
2024-01-17 19:20:00,97.32074720869247
2024-01-17 19:25:00,61.45130907795378
2024-01-17 19:30:00,95.94274886871372
2024-01-17 19:35:00,69.00884468180206
2024-01-17 19:40:00,103.21384068597207
2024-01-17 19:45:00,103.54571580612061
2024-01-17 19:50:00,105.84042415401754
2024-01-17 19:55:00,97.47555968019263
2024-01-17 20:00:00,97.1042176789986
2024-01-17 20:05:00,100.62274898360268
2024-01-17 20:10:00,100.13816954905012
2024-01-17 20:15:00,100.87136101711538
2024-01-17 20:20:00,96.9926589596235
2024-01-17 20:25:00,100.786354720976
2024-01-17 20:30:00,107.07584930691667
2024-01-17 20:35:00,54.31002311667531
2024-01-17 20:40:00,65.09079065390775
2024-01-17 20:45:00,103.40198122073186
2024-01-17 20:50:00,97.63322160548589
2024-01-17 20:55:00,102.1072259508181
2024-01-17 21:00:00,105.52586998823378
2024-01-17 21:05:00,100.367552501807
2024-01-17 21:10:00,57.901770447132655
2024-01-17 21:15:00,99.22074197527633
2024-01-17 21:20:00,95.74383581983254
2024-01-17 21:25:00,109.44846327786323
2024-01-17 21:30:00,101.5073824461007
2024-01-17 21:35:00,99.26495027734471
2024-01-17 21:40:00,105.56614626263901
2024-01-17 21:45:00,104.67746258796826
2024-01-17 21:50:00,106.45852981011076
2024-01-17 21:55:00,93.6407699827405
2024-01-17 22:00:00,95.9648159311202
2024-01-17 22:05:00,94.54357106178689
2024-01-17 22:10:00,104.54713718352009
2024-01-17 22:15:00,108.02078879699252
2024-01-17 22:20:00,97.53048996007986
2024-01-17 22:25:00,102.55831320777848
2024-01-17 22:30:00,104.05461299617595
2024-01-17 22:35:00,100.4387226924086
2024-01-17 22:40:00,95.74781328335216
2024-01-17 22:45:00,99.62940716764032
2024-01-17 22:50:00,104.55128292809803
2024-01-17 22:55:00,103.08893674372857
2024-01-17 23:00:00,101.30558813313998
2024-01-17 23:05:00,98.57138005808223
2024-01-17 23:10:00,96.29509455214558
2024-01-17 23:15:00,95.82062245110555
2024-01-17 23:20:00,105.36603852006972
2024-01-17 23:25:00,102.90006370067839
2024-01-17 23:30:00,98.43780136311472
2024-01-17 23:35:00,102.1681806392282
2024-01-17 23:40:00,91.6213291424106
2024-01-17 23:45:00,88.52912475363757
2024-01-17 23:50:00,97.88020923765224
2024-01-17 23:55:00,101.83444427205107
2024-01-18 00:00:00,69.38471994534218
2024-01-18 00:05:00,86.91709004837043
2024-01-18 00:10:00,92.93884038722175
2024-01-18 00:15:00,92.57798544891781
2024-01-18 00:20:00,91.32291636172324
2024-01-18 00:25:00,89.85895543559714
2024-01-18 00:30:00,92.06092952606652
2024-01-18 00:35:00,89.7124423222264
2024-01-18 00:40:00,87.89773236215062
2024-01-18 00:45:00,85.92891167933075
2024-01-18 00:50:00,86.91103039099768
2024-01-18 00:55:00,89.38162298527543
2024-01-18 01:00:00,98.00086734566405
2024-01-18 01:05:00,61.46753576003117
2024-01-18 01:10:00,89.8731439178967
2024-01-18 01:15:00,89.81486369096093
2024-01-18 01:20:00,93.2718235873182
2024-01-18 01:25:00,93.7960869505136
2024-01-18 01:30:00,83.32990205045104
2024-01-18 01:35:00,90.25622097602285
2024-01-18 01:40:00,91.38973790245662
2024-01-18 01:45:00,85.0473928568115
2024-01-18 01:50:00,88.91185820854864
2024-01-18 01:55:00,85.9933595960847
2024-01-18 02:00:00,92.23433185449593
2024-01-18 02:05:00,67.0608132423302
2024-01-18 02:10:00,89.1502717384704
2024-01-18 02:15:00,86.03420597968439
2024-01-18 02:20:00,93.46683713867725
2024-01-18 02:25:00,89.11969300968619
2024-01-18 02:30:00,87.97169127580365
2024-01-18 02:35:00,98.13148518062037
2024-01-18 02:40:00,66.60130744391559
2024-01-18 02:45:00,89.53096791843107
2024-01-18 02:50:00,86.97356892275195
2024-01-18 02:55:00,89.48720968777582
2024-01-18 03:00:00,88.3532191646958
2024-01-18 03:05:00,91.41926691635622
2024-01-18 03:10:00,88.2258199960858
2024-01-18 03:15:00,90.26530107213812
2024-01-18 03:20:00,89.4532989694618
2024-01-18 03:25:00,93.81731590094947
2024-01-18 03:30:00,86.71478060804701
2024-01-18 03:35:00,94.73141689446668
2024-01-18 03:40:00,85.91155704327743
2024-01-18 03:45:00,90.04246528306409
2024-01-18 03:50:00,82.54642035645789
2024-01-18 03:55:00,90.36256395848991
2024-01-18 04:00:00,90.63330150689869
2024-01-18 04:05:00,87.19192833100547
2024-01-18 04:10:00,94.43831280831711
2024-01-18 04:15:00,93.50189787434223
2024-01-18 04:20:00,87.45377129184756
2024-01-18 04:25:00,85.55044880957009
2024-01-18 04:30:00,91.24863231740612
2024-01-18 04:35:00,89.68731752784404
2024-01-18 04:40:00,88.39174403274468
2024-01-18 04:45:00,90.43301919355214
2024-01-18 04:50:00,84.96364168019353
2024-01-18 04:55:00,90.55481597188918
2024-01-18 05:00:00,83.96598158145167
2024-01-18 05:05:00,95.5548835510841
2024-01-18 05:10:00,94.11790421424396
2024-01-18 05:15:00,91.53667465004538
2024-01-18 05:20:00,82.7541825588084
2024-01-18 05:25:00,91.29011888963454
2024-01-18 05:30:00,88.95469539845219
2024-01-18 05:35:00,88.93792258816131
2024-01-18 05:40:00,84.83412495921316
2024-01-18 05:45:00,90.38037690943784
2024-01-18 05:50:00,90.96879449426139
2024-01-18 05:55:00,84.05543519489505
2024-01-18 06:00:00,112.3565277756318
2024-01-18 06:05:00,118.43448730355348
2024-01-18 06:10:00,108.66384894162225
2024-01-18 06:15:00,118.94809071305484
2024-01-18 06:20:00,107.99433039102773
2024-01-18 06:25:00,108.51331255817519
2024-01-18 06:30:00,111.34178374809487
2024-01-18 06:35:00,112.33808602314488
2024-01-18 06:40:00,66.24902263441189
2024-01-18 06:45:00,111.32057636655512
2024-01-18 06:50:00,112.10113988554438
2024-01-18 06:55:00,109.90757518112318
2024-01-18 07:00:00,107.6475362855085
2024-01-18 07:05:00,111.30240002544465
2024-01-18 07:10:00,109.28587035607156
2024-01-18 07:15:00,113.93748898329129
2024-01-18 07:20:00,105.37370242818578
2024-01-18 07:25:00,108.74162961974464
2024-01-18 07:30:00,110.26430446853414
2024-01-18 07:35:00,110.62675227095873
2024-01-18 07:40:00,113.78837086794482
2024-01-18 07:45:00,109.63440451533491
2024-01-18 07:50:00,111.70545573491479
2024-01-18 07:55:00,115.48867417517508
2024-01-18 08:00:00,142.73750414340745
2024-01-18 08:05:00,138.10523101322423
2024-01-18 08:10:00,136.02186346126499
2024-01-18 08:15:00,139.41197232216203
2024-01-18 08:20:00,138.46289400013254
2024-01-18 08:25:00,141.43742565868968
2024-01-18 08:30:00,137.15474895257893
2024-01-18 08:35:00,145.26262293170697
2024-01-18 08:40:00,145.13240777324782
2024-01-18 08:45:00,147.04909793740836
2024-01-18 08:50:00,145.02148394850568
2024-01-18 08:55:00,136.8878208017376
2024-01-18 09:00:00,140.14404444775656
2024-01-18 09:05:00,142.04569162339666
2024-01-18 09:10:00,145.7402808369426
2024-01-18 09:15:00,146.50418758852234
2024-01-18 09:20:00,140.117818719192
2024-01-18 09:25:00,141.2342395569738
2024-01-18 09:30:00,143.85407087627826
2024-01-18 09:35:00,142.80027031244853
2024-01-18 09:40:00,145.24847178334352
2024-01-18 09:45:00,136.66011771558595
2024-01-18 09:50:00,137.35805447589084
2024-01-18 09:55:00,132.52943056261662
2024-01-18 10:00:00,137.6160757904156
2024-01-18 10:05:00,139.7750272088714
2024-01-18 10:10:00,143.67629020157938
2024-01-18 10:15:00,137.32087217280673
2024-01-18 10:20:00,142.70109776820306
2024-01-18 10:25:00,140.06838422208796
2024-01-18 10:30:00,138.9516279263918
2024-01-18 10:35:00,140.55637818036882
2024-01-18 10:40:00,60.74620518007221
2024-01-18 10:45:00,140.99700856836034
2024-01-18 10:50:00,143.6729225427894
2024-01-18 10:55:00,137.8367300373155
2024-01-18 11:00:00,144.20458801661587
2024-01-18 11:05:00,139.69067412356247
2024-01-18 11:10:00,137.68526224114106
2024-01-18 11:15:00,135.42264875498014
2024-01-18 11:20:00,137.05672725170922
2024-01-18 11:25:00,135.83146179149944
2024-01-18 11:30:00,143.41288830049498
2024-01-18 11:35:00,140.958388512997
2024-01-18 11:40:00,135.51746884953172
2024-01-18 11:45:00,131.26354839065797
2024-01-18 11:50:00,136.6705557652594
2024-01-18 11:55:00,133.20521472826977
2024-01-18 12:00:00,148.2148628524153
2024-01-18 12:05:00,142.66348205523585
2024-01-18 12:10:00,143.9111439732705
2024-01-18 12:15:00,148.714030931729
2024-01-18 12:20:00,151.99377974580798
2024-01-18 12:25:00,153.3006951567449
2024-01-18 12:30:00,150.94055453634456
2024-01-18 12:35:00,153.8474591318015
2024-01-18 12:40:00,149.37615192895345
2024-01-18 12:45:00,55.64808657691729
2024-01-18 12:50:00,154.19139857516112
2024-01-18 12:55:00,153.78944905576347
2024-01-18 13:00:00,152.38799415624888
2024-01-18 13:05:00,149.54843786510006
2024-01-18 13:10:00,154.56748794240295
2024-01-18 13:15:00,151.20322631377886
2024-01-18 13:20:00,148.8604306991372
2024-01-18 13:25:00,155.08579745255958
2024-01-18 13:30:00,144.38109173227974
2024-01-18 13:35:00,151.9514263098502
2024-01-18 13:40:00,149.4589047173871
2024-01-18 13:45:00,149.3800954502165
2024-01-18 13:50:00,144.74220570281187
2024-01-18 13:55:00,154.499831309911
2024-01-18 14:00:00,120.00083182652061
2024-01-18 14:05:00,119.53385985550018
2024-01-18 14:10:00,120.40820548141954
2024-01-18 14:15:00,112.70810483462547
2024-01-18 14:20:00,118.78887182004127
2024-01-18 14:25:00,115.42817286449535
2024-01-18 14:30:00,125.11365281765666
2024-01-18 14:35:00,120.81935699906104
2024-01-18 14:40:00,123.21600866291698
2024-01-18 14:45:00,119.08458456582365
2024-01-18 14:50:00,123.67717728088195
2024-01-18 14:55:00,114.20787898198259
2024-01-18 15:00:00,116.225356586185
2024-01-18 15:05:00,117.25543920116198
2024-01-18 15:10:00,122.6014952999902
2024-01-18 15:15:00,126.25935529649863
2024-01-18 15:20:00,116.23837270756034
2024-01-18 15:25:00,119.4299128999029
2024-01-18 15:30:00,120.16389429720226
2024-01-18 15:35:00,119.42815301557452
2024-01-18 15:40:00,113.46564691154751
2024-01-18 15:45:00,121.1330702044359
2024-01-18 15:50:00,122.20123961538677
2024-01-18 15:55:00,118.53706733033002
2024-01-18 16:00:00,116.38539240475924
2024-01-18 16:05:00,118.43576564823316
2024-01-18 16:10:00,121.45296481597576
2024-01-18 16:15:00,117.77280967591413
2024-01-18 16:20:00,117.16848930279846
2024-01-18 16:25:00,122.38427670475537
2024-01-18 16:30:00,120.71335806504969
2024-01-18 16:35:00,113.6650517422511
2024-01-18 16:40:00,119.58866551425825
2024-01-18 16:45:00,119.68059234561572
2024-01-18 16:50:00,122.55410230234155
2024-01-18 16:55:00,121.43146204513191
2024-01-18 17:00:00,122.63308176528348
2024-01-18 17:05:00,115.01493313554838
2024-01-18 17:10:00,126.35954452336229
2024-01-18 17:15:00,115.6276716970296
2024-01-18 17:20:00,118.23937429718306
2024-01-18 17:25:00,124.05352818022823
2024-01-18 17:30:00,118.05623935733179
2024-01-18 17:35:00,121.39384850126903
2024-01-18 17:40:00,121.70388623510402
2024-01-18 17:45:00,128.0228701360563
2024-01-18 17:50:00,120.46761010964548
2024-01-18 17:55:00,121.82120933477036
2024-01-18 18:00:00,104.8702241320388
2024-01-18 18:05:00,101.59162743692465
2024-01-18 18:10:00,93.8918162862865
2024-01-18 18:15:00,100.34241723683607
2024-01-18 18:20:00,103.83993212363616
2024-01-18 18:25:00,103.70519824736229
2024-01-18 18:30:00,96.8864381834115
2024-01-18 18:35:00,100.46745761313501
2024-01-18 18:40:00,98.38721570215797
2024-01-18 18:45:00,107.18507562617103
2024-01-18 18:50:00,99.19833399175475
2024-01-18 18:55:00,102.30972079941125
2024-01-18 19:00:00,100.54045796251017
2024-01-18 19:05:00,102.29625168229538
2024-01-18 19:10:00,51.13774876712298
2024-01-18 19:15:00,105.28956956892127
2024-01-18 19:20:00,99.06610368866305
2024-01-18 19:25:00,97.82446979768596
2024-01-18 19:30:00,98.73182866731922
2024-01-18 19:35:00,100.80885293612972
2024-01-18 19:40:00,104.28989402905798
2024-01-18 19:45:00,101.94176927576031
2024-01-18 19:50:00,96.83598155193452
2024-01-18 19:55:00,57.83203761843111
2024-01-18 20:00:00,92.43772942880547
2024-01-18 20:05:00,98.4446363739715
2024-01-18 20:10:00,100.24371439970294
2024-01-18 20:15:00,97.39498608817037
2024-01-18 20:20:00,101.48993450553078
2024-01-18 20:25:00,89.84246835136022
2024-01-18 20:30:00,106.66573381552654
2024-01-18 20:35:00,105.00532398068216
2024-01-18 20:40:00,104.9967132605164
2024-01-18 20:45:00,102.50258636199645
2024-01-18 20:50:00,96.67044358053784
2024-01-18 20:55:00,99.21990064998687
2024-01-18 21:00:00,96.23053988598593
2024-01-18 21:05:00,98.52769218127912
2024-01-18 21:10:00,102.56198973562186
2024-01-18 21:15:00,99.31389569703325
2024-01-18 21:20:00,111.82140561433262
2024-01-18 21:25:00,99.78397575921723
2024-01-18 21:30:00,105.68002063333657
2024-01-18 21:35:00,99.615472114732
2024-01-18 21:40:00,104.43601332335588
2024-01-18 21:45:00,101.07834955827519
2024-01-18 21:50:00,103.26586931231596
2024-01-18 21:55:00,95.00202189623592
2024-01-18 22:00:00,98.34806502725853
2024-01-18 22:05:00,99.53060563488484
2024-01-18 22:10:00,101.7688505090795
2024-01-18 22:15:00,100.92120588940926
2024-01-18 22:20:00,102.49035340643906
2024-01-18 22:25:00,94.13777072753254
2024-01-18 22:30:00,95.38879440220094
2024-01-18 22:35:00,101.25907722044506
2024-01-18 22:40:00,103.09005024810745
2024-01-18 22:45:00,98.91901393293989
2024-01-18 22:50:00,106.31792232294346
2024-01-18 22:55:00,95.83368951039377
2024-01-18 23:00:00,101.6045538564377
2024-01-18 23:05:00,94.35286837642039
2024-01-18 23:10:00,102.1380906010642
2024-01-18 23:15:00,69.73551194771116
2024-01-18 23:20:00,96.61791295445342
2024-01-18 23:25:00,96.11555649584383
2024-01-18 23:30:00,96.99648572961905
2024-01-18 23:35:00,98.96793780636756
2024-01-18 23:40:00,103.7408210312876
2024-01-18 23:45:00,98.66441204244653
2024-01-18 23:50:00,101.29884340565869
2024-01-18 23:55:00,101.39837735767986
2024-01-19 00:00:00,90.26118743557622
2024-01-19 00:05:00,91.57159478430812
2024-01-19 00:10:00,54.71951154238903
2024-01-19 00:15:00,88.03833444718136
2024-01-19 00:20:00,90.17187120805552
2024-01-19 00:25:00,90.8353030146432
2024-01-19 00:30:00,88.6357540715577
2024-01-19 00:35:00,90.00200768460941
2024-01-19 00:40:00,86.50700980560323
2024-01-19 00:45:00,85.27076534488683
2024-01-19 00:50:00,86.90715039413038
2024-01-19 00:55:00,93.01099123116518
2024-01-19 01:00:00,89.64015948301751
2024-01-19 01:05:00,94.05927340917383
2024-01-19 01:10:00,90.25936830287135
2024-01-19 01:15:00,88.9392463096939
2024-01-19 01:20:00,81.87873237432927
2024-01-19 01:25:00,87.91660512839071
2024-01-19 01:30:00,92.71540434878132
2024-01-19 01:35:00,69.32838633609197
2024-01-19 01:40:00,84.41457968881596
2024-01-19 01:45:00,92.97284317704153
2024-01-19 01:50:00,95.35854342530888
2024-01-19 01:55:00,90.2508147920247
2024-01-19 02:00:00,85.60001496908586
2024-01-19 02:05:00,86.46163428365261
2024-01-19 02:10:00,88.05820773934423
2024-01-19 02:15:00,88.61314866803258
2024-01-19 02:20:00,95.89300463133117
2024-01-19 02:25:00,84.70581638826465
2024-01-19 02:30:00,89.96691997554618
2024-01-19 02:35:00,89.45405271541027
2024-01-19 02:40:00,84.63648130579247
2024-01-19 02:45:00,92.36127928345465
2024-01-19 02:50:00,92.01257391475436
2024-01-19 02:55:00,89.56489394519087
2024-01-19 03:00:00,86.25691711154116
2024-01-19 03:05:00,90.88851375914165
2024-01-19 03:10:00,59.4929631556361
2024-01-19 03:15:00,81.56725302717574
2024-01-19 03:20:00,87.04553353297628
2024-01-19 03:25:00,62.196233159574035
2024-01-19 03:30:00,88.89449932578609
2024-01-19 03:35:00,91.23018004272907
2024-01-19 03:40:00,96.10717878640504
2024-01-19 03:45:00,90.30183558131631
2024-01-19 03:50:00,57.91033886215114
2024-01-19 03:55:00,95.12521265972407
2024-01-19 04:00:00,94.68318317977607
2024-01-19 04:05:00,91.78679239521688
2024-01-19 04:10:00,90.26464501674015
2024-01-19 04:15:00,87.35276865443235
2024-01-19 04:20:00,89.36994718514093
2024-01-19 04:25:00,87.80475072594567
2024-01-19 04:30:00,91.8330831368026
2024-01-19 04:35:00,83.3369798048447
2024-01-19 04:40:00,92.1810180031453
2024-01-19 04:45:00,87.06372233412309
2024-01-19 04:50:00,62.824299804700495
2024-01-19 04:55:00,95.68188147428744
2024-01-19 05:00:00,87.84014179226443
2024-01-19 05:05:00,93.86852516518347
2024-01-19 05:10:00,90.11958479173734
2024-01-19 05:15:00,80.77265994302202
2024-01-19 05:20:00,90.25150890845765
2024-01-19 05:25:00,60.905068925239405
2024-01-19 05:30:00,94.58459806121172
2024-01-19 05:35:00,93.49983464147559
2024-01-19 05:40:00,81.32304002054097
2024-01-19 05:45:00,91.09583912831376
2024-01-19 05:50:00,92.41211565694176
2024-01-19 05:55:00,93.28033652046749
2024-01-19 06:00:00,113.32583399436464
2024-01-19 06:05:00,108.5281938251334
2024-01-19 06:10:00,108.8786429208417
2024-01-19 06:15:00,112.39622210616703
2024-01-19 06:20:00,112.5055162517807
2024-01-19 06:25:00,115.12001048992774
2024-01-19 06:30:00,109.70343092974065
2024-01-19 06:35:00,112.76380858125705
2024-01-19 06:40:00,117.16380238609021
2024-01-19 06:45:00,108.35921383953294
2024-01-19 06:50:00,113.1150780272384
2024-01-19 06:55:00,109.52816619637635
2024-01-19 07:00:00,109.78611039607111
2024-01-19 07:05:00,112.48065025980301
2024-01-19 07:10:00,108.0277542817802
2024-01-19 07:15:00,114.55041146535368
2024-01-19 07:20:00,116.38500705450842
2024-01-19 07:25:00,111.10419508712478
2024-01-19 07:30:00,111.28672168263387
2024-01-19 07:35:00,111.9722448209999
2024-01-19 07:40:00,102.79347252756003
2024-01-19 07:45:00,107.46359855116458
2024-01-19 07:50:00,108.55323937562468
2024-01-19 07:55:00,120.6069344749066
2024-01-19 08:00:00,69.01682068458223
2024-01-19 08:05:00,138.57501735652434
2024-01-19 08:10:00,57.59252932825423
2024-01-19 08:15:00,137.24210219655143
2024-01-19 08:20:00,136.32712886617227
2024-01-19 08:25:00,138.19035916477898
2024-01-19 08:30:00,137.07517183586447
2024-01-19 08:35:00,143.40684243223615
2024-01-19 08:40:00,140.66894510292923
2024-01-19 08:45:00,142.75464809883132
2024-01-19 08:50:00,131.68090428395976
2024-01-19 08:55:00,140.5267338881791
2024-01-19 09:00:00,140.64137228768692
2024-01-19 09:05:00,134.21177275768565
2024-01-19 09:10:00,139.04772892210843
2024-01-19 09:15:00,141.7192328393979
2024-01-19 09:20:00,145.04274143032674
2024-01-19 09:25:00,136.83066698391502
2024-01-19 09:30:00,141.78938144789322
2024-01-19 09:35:00,56.31570766879758
2024-01-19 09:40:00,145.03712301715066
2024-01-19 09:45:00,144.53271157842914
2024-01-19 09:50:00,140.99204591726223
2024-01-19 09:55:00,138.75451015492527
2024-01-19 10:00:00,134.10601511186863
2024-01-19 10:05:00,140.51354425222644
2024-01-19 10:10:00,137.75676673367238
2024-01-19 10:15:00,140.1862342543179
2024-01-19 10:20:00,139.53422883305888
2024-01-19 10:25:00,136.34419747627044
2024-01-19 10:30:00,143.85328062326704
2024-01-19 10:35:00,141.5584430830325
2024-01-19 10:40:00,138.98485236047526
2024-01-19 10:45:00,145.98498750769497
2024-01-19 10:50:00,136.55323812851836
2024-01-19 10:55:00,145.6135883131413
2024-01-19 11:00:00,139.32483810172695
2024-01-19 11:05:00,142.4193576356925
2024-01-19 11:10:00,141.2616036462913
2024-01-19 11:15:00,143.170586401326
2024-01-19 11:20:00,140.77132456443366
2024-01-19 11:25:00,144.7644163590055
2024-01-19 11:30:00,138.92592353285224
2024-01-19 11:35:00,138.78112934441057
2024-01-19 11:40:00,139.93651163443573
2024-01-19 11:45:00,51.93816869355622
2024-01-19 11:50:00,139.4272333545547
2024-01-19 11:55:00,138.44256581392597
2024-01-19 12:00:00,148.901210078301
2024-01-19 12:05:00,146.69455715544683
2024-01-19 12:10:00,143.4426307083552
2024-01-19 12:15:00,153.62560424421602
2024-01-19 12:20:00,148.3178698792103
2024-01-19 12:25:00,146.0295489591556
2024-01-19 12:30:00,154.52101755660436
2024-01-19 12:35:00,146.33731988211827
2024-01-19 12:40:00,64.38953786352928
2024-01-19 12:45:00,148.53927007438483
2024-01-19 12:50:00,153.7262043933221
2024-01-19 12:55:00,69.48544481055892
2024-01-19 13:00:00,143.30504491011664
2024-01-19 13:05:00,153.90524098267474
2024-01-19 13:10:00,155.45946415609887
2024-01-19 13:15:00,149.90558002289436
2024-01-19 13:20:00,156.6117225935315
2024-01-19 13:25:00,145.79125108330084
2024-01-19 13:30:00,153.21530300518816
2024-01-19 13:35:00,149.7610984554805
2024-01-19 13:40:00,154.1653286029441
2024-01-19 13:45:00,145.0358370359181
2024-01-19 13:50:00,154.23453340603555
2024-01-19 13:55:00,142.1966518591322
2024-01-19 14:00:00,115.19069228540178
2024-01-19 14:05:00,125.64735287492758
2024-01-19 14:10:00,124.80311594080356
2024-01-19 14:15:00,123.74755445169485
2024-01-19 14:20:00,115.43020541718623
2024-01-19 14:25:00,118.57903315181218
2024-01-19 14:30:00,117.59815139468466
2024-01-19 14:35:00,117.57181589167931
2024-01-19 14:40:00,113.98256735405141
2024-01-19 14:45:00,125.48604247041374
2024-01-19 14:50:00,126.37014151214723
2024-01-19 14:55:00,121.74755515874985
2024-01-19 15:00:00,125.08421515849695
2024-01-19 15:05:00,64.72475193430236
2024-01-19 15:10:00,115.012443414465
2024-01-19 15:15:00,120.7976072679146
2024-01-19 15:20:00,124.73587409848955
2024-01-19 15:25:00,119.14479341465177
2024-01-19 15:30:00,117.73242515050518
2024-01-19 15:35:00,120.18261667216656
2024-01-19 15:40:00,118.78565213200385
2024-01-19 15:45:00,120.0014422668959
2024-01-19 15:50:00,120.58416378815588
2024-01-19 15:55:00,124.12609797109636
2024-01-19 16:00:00,57.392085952275295
2024-01-19 16:05:00,122.22360765727261
2024-01-19 16:10:00,118.74277907565781
2024-01-19 16:15:00,112.96880849946731
2024-01-19 16:20:00,117.07795761308644
2024-01-19 16:25:00,119.57173780629884
2024-01-19 16:30:00,116.96957026122394
2024-01-19 16:35:00,109.88269352622619
2024-01-19 16:40:00,124.57719201233802
2024-01-19 16:45:00,120.9173419115733
2024-01-19 16:50:00,116.93597996250159
2024-01-19 16:55:00,122.63134201273786
2024-01-19 17:00:00,121.31810083256505
2024-01-19 17:05:00,118.11389490523723
2024-01-19 17:10:00,120.39064708256856
2024-01-19 17:15:00,122.18285330337717
2024-01-19 17:20:00,116.83907880225104
2024-01-19 17:25:00,124.02460797367705
2024-01-19 17:30:00,116.50522292292433
2024-01-19 17:35:00,122.12578049126382
2024-01-19 17:40:00,118.40087078892996
2024-01-19 17:45:00,123.36233735940287
2024-01-19 17:50:00,125.124354301641
2024-01-19 17:55:00,117.2231309188221
2024-01-19 18:00:00,101.58998802835853
2024-01-19 18:05:00,102.52574655346831
2024-01-19 18:10:00,95.59733878982792
2024-01-19 18:15:00,97.9876600352076
2024-01-19 18:20:00,100.50547738956764
2024-01-19 18:25:00,96.91910361427416
2024-01-19 18:30:00,99.73999425878448
2024-01-19 18:35:00,94.47184854073166
2024-01-19 18:40:00,97.63806250992451
2024-01-19 18:45:00,99.29224392233407
2024-01-19 18:50:00,101.65632625269915
2024-01-19 18:55:00,99.02763412995017
2024-01-19 19:00:00,101.65774320492746
2024-01-19 19:05:00,99.83560102936731
2024-01-19 19:10:00,105.93740825095587
2024-01-19 19:15:00,104.87046099463679
2024-01-19 19:20:00,97.0222129904695
2024-01-19 19:25:00,104.06254876239723
2024-01-19 19:30:00,97.68461059469801
2024-01-19 19:35:00,98.81136928427271
2024-01-19 19:40:00,105.42708109182712
2024-01-19 19:45:00,96.79227065445275
2024-01-19 19:50:00,99.70643032422832
2024-01-19 19:55:00,100.34379690123285
2024-01-19 20:00:00,104.77535814635428
2024-01-19 20:05:00,97.25081670037974
2024-01-19 20:10:00,103.79823506400793
2024-01-19 20:15:00,100.75676981339197
2024-01-19 20:20:00,98.45766032230492
2024-01-19 20:25:00,97.85795110248299
2024-01-19 20:30:00,101.79573766340684
2024-01-19 20:35:00,101.91889903858356
2024-01-19 20:40:00,107.20400064459852
2024-01-19 20:45:00,95.74094403443156
2024-01-19 20:50:00,104.10817982721186
2024-01-19 20:55:00,98.71151186700241
2024-01-19 21:00:00,101.50986008658468
2024-01-19 21:05:00,104.7233237999419
2024-01-19 21:10:00,106.75315210235426
2024-01-19 21:15:00,101.85189217493655
2024-01-19 21:20:00,104.12303730236998
2024-01-19 21:25:00,103.76870053417085
2024-01-19 21:30:00,97.76172079918364
2024-01-19 21:35:00,95.06395157768743
2024-01-19 21:40:00,103.34924017843997
2024-01-19 21:45:00,102.86192956120624
2024-01-19 21:50:00,101.54631574797025
2024-01-19 21:55:00,97.08740159874291
2024-01-19 22:00:00,100.62163321591787
2024-01-19 22:05:00,101.8843392294377
2024-01-19 22:10:00,101.08053390363924
2024-01-19 22:15:00,103.91564613884714
2024-01-19 22:20:00,105.95491375402779
2024-01-19 22:25:00,99.91568206753591
2024-01-19 22:30:00,95.27552948390212
2024-01-19 22:35:00,106.28926693607606
2024-01-19 22:40:00,101.18441698962671
2024-01-19 22:45:00,99.1532925995086
2024-01-19 22:50:00,101.8178889027609
2024-01-19 22:55:00,98.28287485573799
2024-01-19 23:00:00,102.11902747808016
2024-01-19 23:05:00,99.16750280784984
2024-01-19 23:10:00,99.19200970613689
2024-01-19 23:15:00,101.87804743557764
2024-01-19 23:20:00,102.71172491601855
2024-01-19 23:25:00,101.82885007006396
2024-01-19 23:30:00,98.62364386157554
2024-01-19 23:35:00,99.04288677574205
2024-01-19 23:40:00,97.81694768526435
2024-01-19 23:45:00,100.62947095087497
2024-01-19 23:50:00,96.44841925285479
2024-01-19 23:55:00,93.98266840912399
2024-01-20 00:00:00,94.8421116259863
2024-01-20 00:05:00,93.09615373448426
2024-01-20 00:10:00,93.77894374370162
2024-01-20 00:15:00,89.67791678472082
2024-01-20 00:20:00,93.05536767621695
2024-01-20 00:25:00,86.86752854115493
2024-01-20 00:30:00,91.98516385120953
2024-01-20 00:35:00,90.61261230166326
2024-01-20 00:40:00,94.02893015479583
2024-01-20 00:45:00,87.52741044042486
2024-01-20 00:50:00,91.28919244641241
2024-01-20 00:55:00,81.26710439324722
2024-01-20 01:00:00,94.40510381171077
2024-01-20 01:05:00,89.37723680784748
2024-01-20 01:10:00,88.47736971003664
2024-01-20 01:15:00,88.67262210088552
2024-01-20 01:20:00,83.98269665595866
2024-01-20 01:25:00,96.66096952715964
2024-01-20 01:30:00,92.50675630343542
2024-01-20 01:35:00,90.1486902282382
2024-01-20 01:40:00,90.74533933892238
2024-01-20 01:45:00,93.3214255419881
2024-01-20 01:50:00,92.04567063006041
2024-01-20 01:55:00,86.35380740706766
2024-01-20 02:00:00,90.27004856259069
2024-01-20 02:05:00,83.23073048730853
2024-01-20 02:10:00,89.05162844328262
2024-01-20 02:15:00,90.2641927681617
2024-01-20 02:20:00,89.0663067225882
2024-01-20 02:25:00,89.70185220483636
2024-01-20 02:30:00,89.80022873797797
2024-01-20 02:35:00,93.39884930185374
2024-01-20 02:40:00,90.29396627874038
2024-01-20 02:45:00,83.59870793119732
2024-01-20 02:50:00,87.46957219347424
2024-01-20 02:55:00,97.56554948123502
2024-01-20 03:00:00,84.55888138548565
2024-01-20 03:05:00,92.38712801589531
2024-01-20 03:10:00,58.77673476168262
2024-01-20 03:15:00,94.70347221691064
2024-01-20 03:20:00,90.8669215115144
2024-01-20 03:25:00,95.78360046637067
2024-01-20 03:30:00,90.66816027075916
2024-01-20 03:35:00,90.46899115026892
2024-01-20 03:40:00,89.77831454861719
2024-01-20 03:45:00,90.21765674913243
2024-01-20 03:50:00,89.16962451573096
2024-01-20 03:55:00,92.472110676626
2024-01-20 04:00:00,89.1371809791365
2024-01-20 04:05:00,92.13528888006805
2024-01-20 04:10:00,90.87638983051056
2024-01-20 04:15:00,96.1427287868276
2024-01-20 04:20:00,92.55915947290798
2024-01-20 04:25:00,92.35413253405972
2024-01-20 04:30:00,91.10748810368575
2024-01-20 04:35:00,87.9956162921017
2024-01-20 04:40:00,86.6546585963988
2024-01-20 04:45:00,54.23773078899915
2024-01-20 04:50:00,79.72914091379506
2024-01-20 04:55:00,95.3957662744211
2024-01-20 05:00:00,93.178572735107
2024-01-20 05:05:00,91.14634150850073
2024-01-20 05:10:00,89.49190783459518
2024-01-20 05:15:00,87.77042622250157
2024-01-20 05:20:00,92.64898256127631
2024-01-20 05:25:00,85.96652440848852
2024-01-20 05:30:00,92.78261285172951
2024-01-20 05:35:00,94.00478271268929
2024-01-20 05:40:00,89.5956297654557
2024-01-20 05:45:00,94.47867829953952
2024-01-20 05:50:00,84.77840733175411
2024-01-20 05:55:00,91.77195983630622
2024-01-20 06:00:00,109.79010661498907
2024-01-20 06:05:00,112.40935320601672
2024-01-20 06:10:00,103.95286954202685
2024-01-20 06:15:00,116.3460899472028
2024-01-20 06:20:00,106.39364565957588
2024-01-20 06:25:00,107.78434371737762
2024-01-20 06:30:00,101.77366199551194
2024-01-20 06:35:00,110.36841575885282
2024-01-20 06:40:00,112.56187786277998
2024-01-20 06:45:00,112.54159867720291
2024-01-20 06:50:00,53.76560697794644
2024-01-20 06:55:00,105.47163807328587
2024-01-20 07:00:00,105.88696435347073
2024-01-20 07:05:00,101.63942026185457
2024-01-20 07:10:00,113.2864817800011
2024-01-20 07:15:00,109.21813308984362
2024-01-20 07:20:00,113.65342499901143
2024-01-20 07:25:00,65.97925050513942
2024-01-20 07:30:00,106.50305434901824
2024-01-20 07:35:00,117.01270246240068
2024-01-20 07:40:00,111.85592002700605
2024-01-20 07:45:00,109.73080791267114
2024-01-20 07:50:00,104.13757245500828
2024-01-20 07:55:00,69.63103475834441
2024-01-20 08:00:00,135.21324120545333
2024-01-20 08:05:00,133.06823873613072
2024-01-20 08:10:00,136.66136462767528
2024-01-20 08:15:00,140.21455132883747
2024-01-20 08:20:00,54.936234903080724
2024-01-20 08:25:00,144.232554791363
2024-01-20 08:30:00,140.54857027748997
2024-01-20 08:35:00,137.50831374715577
2024-01-20 08:40:00,139.91778215097406
2024-01-20 08:45:00,146.78821821075385
2024-01-20 08:50:00,136.13887676333832
2024-01-20 08:55:00,144.21313415586172
2024-01-20 09:00:00,135.05476987136464
2024-01-20 09:05:00,137.83573599218707
2024-01-20 09:10:00,138.94047121431856
2024-01-20 09:15:00,143.07536600627293
2024-01-20 09:20:00,57.6703018902061
2024-01-20 09:25:00,143.82687780869833
2024-01-20 09:30:00,134.79644661529167
2024-01-20 09:35:00,133.93971657351028
2024-01-20 09:40:00,146.05883054187046
2024-01-20 09:45:00,140.14512319372733
2024-01-20 09:50:00,144.49991306079505
2024-01-20 09:55:00,145.31585603557653
2024-01-20 10:00:00,137.48769304042006
2024-01-20 10:05:00,135.03603281198434
2024-01-20 10:10:00,141.78939836150863
2024-01-20 10:15:00,140.68405439275224
2024-01-20 10:20:00,139.62566985232445
2024-01-20 10:25:00,138.1953549051441
2024-01-20 10:30:00,136.78708954831626
2024-01-20 10:35:00,137.31133926210458
2024-01-20 10:40:00,136.263742364696
2024-01-20 10:45:00,144.75348041672697
2024-01-20 10:50:00,137.97326244435536
2024-01-20 10:55:00,141.87236949843236
2024-01-20 11:00:00,60.74148431806652
2024-01-20 11:05:00,141.7717570056979
2024-01-20 11:10:00,134.0134134033408
2024-01-20 11:15:00,136.31719020248897
2024-01-20 11:20:00,136.55669045870098
2024-01-20 11:25:00,138.66035979836323
2024-01-20 11:30:00,145.22062722673255
2024-01-20 11:35:00,140.517694741153
2024-01-20 11:40:00,54.68743172807611
2024-01-20 11:45:00,141.32112314108826
2024-01-20 11:50:00,138.17876926515072
2024-01-20 11:55:00,141.48821457676326
2024-01-20 12:00:00,154.19221845667636
2024-01-20 12:05:00,149.94718541982428
2024-01-20 12:10:00,152.3435067371703
2024-01-20 12:15:00,146.38494964367217
2024-01-20 12:20:00,150.45970533086665
2024-01-20 12:25:00,149.06240800726547
2024-01-20 12:30:00,146.76978510227448
2024-01-20 12:35:00,153.45106216159405
2024-01-20 12:40:00,145.2548847896017
2024-01-20 12:45:00,150.47215992665113
2024-01-20 12:50:00,149.09514770358192
2024-01-20 12:55:00,148.67584489265926
2024-01-20 13:00:00,152.2953932532562
2024-01-20 13:05:00,151.48329705033922
2024-01-20 13:10:00,156.91031118393187
2024-01-20 13:15:00,153.93645774859453
2024-01-20 13:20:00,147.76505440837676
2024-01-20 13:25:00,155.97143854406215
2024-01-20 13:30:00,147.47442195748505
2024-01-20 13:35:00,153.05625857312035
2024-01-20 13:40:00,148.00333884837215
2024-01-20 13:45:00,152.99382633267658
2024-01-20 13:50:00,143.11365090520897
2024-01-20 13:55:00,149.69549664582988
2024-01-20 14:00:00,119.65563241916256
2024-01-20 14:05:00,123.59571621041958
2024-01-20 14:10:00,119.26685702148247
2024-01-20 14:15:00,122.56612106613602
2024-01-20 14:20:00,112.00876669321647
2024-01-20 14:25:00,121.52829971591252
2024-01-20 14:30:00,117.68966511407758
2024-01-20 14:35:00,124.05202426631371
2024-01-20 14:40:00,113.09158726124306
2024-01-20 14:45:00,125.59517260231517
2024-01-20 14:50:00,121.2005346353056
2024-01-20 14:55:00,114.52523232397579
2024-01-20 15:00:00,119.02955644031076
2024-01-20 15:05:00,114.54509806333157
2024-01-20 15:10:00,120.2077881539964
2024-01-20 15:15:00,121.70248190029045
2024-01-20 15:20:00,112.46974842278465
2024-01-20 15:25:00,58.86514682718669
2024-01-20 15:30:00,121.46519240241034
2024-01-20 15:35:00,113.0100744341842
2024-01-20 15:40:00,123.85345990759545
2024-01-20 15:45:00,64.20208189185662
2024-01-20 15:50:00,126.6575760923255
2024-01-20 15:55:00,116.3657874124898
2024-01-20 16:00:00,122.43013273360992
2024-01-20 16:05:00,114.2346722667851
2024-01-20 16:10:00,112.40565741610325
2024-01-20 16:15:00,119.2768196175858
2024-01-20 16:20:00,55.02518326934254
2024-01-20 16:25:00,120.23186377046122
2024-01-20 16:30:00,123.08832543247627
2024-01-20 16:35:00,122.2886585614644
2024-01-20 16:40:00,117.6948958524823
2024-01-20 16:45:00,116.55069014300561
2024-01-20 16:50:00,121.83555779076232
2024-01-20 16:55:00,115.65969293419863
2024-01-20 17:00:00,116.1068363931513
2024-01-20 17:05:00,121.76142480450991
2024-01-20 17:10:00,120.00925480027418
2024-01-20 17:15:00,120.80698589002395
2024-01-20 17:20:00,121.02350036056454
2024-01-20 17:25:00,120.74311549998717
2024-01-20 17:30:00,126.01604718004549
2024-01-20 17:35:00,125.76327507447324
2024-01-20 17:40:00,122.3614733047016
2024-01-20 17:45:00,113.04727405537685
2024-01-20 17:50:00,125.68068533513308
2024-01-20 17:55:00,122.53363366212868
2024-01-20 18:00:00,95.29373840145857
2024-01-20 18:05:00,98.08994020383261
2024-01-20 18:10:00,101.21813142026421
2024-01-20 18:15:00,102.51353471761885
2024-01-20 18:20:00,97.18207287930542
2024-01-20 18:25:00,102.01671850701948
2024-01-20 18:30:00,101.19476496634717
2024-01-20 18:35:00,99.7192265382318
2024-01-20 18:40:00,93.54143621093382
2024-01-20 18:45:00,98.3082250120692
2024-01-20 18:50:00,101.92314510185527
2024-01-20 18:55:00,98.01139697194762
2024-01-20 19:00:00,102.27364841940881
2024-01-20 19:05:00,98.80013577513154
2024-01-20 19:10:00,98.69484594564535
2024-01-20 19:15:00,105.16561268851966
2024-01-20 19:20:00,103.03475610601241
2024-01-20 19:25:00,104.38976591142163
2024-01-20 19:30:00,98.60078266037254
2024-01-20 19:35:00,93.4477079116709
2024-01-20 19:40:00,101.79569058835689
2024-01-20 19:45:00,104.94231513657034
2024-01-20 19:50:00,100.72725550908679
2024-01-20 19:55:00,106.61448428004708
2024-01-20 20:00:00,100.57506377912456
2024-01-20 20:05:00,99.23173878212602
2024-01-20 20:10:00,103.24876194634797
2024-01-20 20:15:00,99.92275535672663
2024-01-20 20:20:00,96.50758392404914
2024-01-20 20:25:00,106.13570421220334
2024-01-20 20:30:00,95.4796184371995
2024-01-20 20:35:00,98.5655884782656
2024-01-20 20:40:00,96.1652993941769
2024-01-20 20:45:00,105.53300575681492
2024-01-20 20:50:00,104.1562756530236
2024-01-20 20:55:00,94.0060021937708
2024-01-20 21:00:00,95.62307283097289
2024-01-20 21:05:00,101.73890063083711
2024-01-20 21:10:00,100.83956794245177
2024-01-20 21:15:00,107.2288446587558
2024-01-20 21:20:00,99.72940396975126
2024-01-20 21:25:00,103.23744552183804
2024-01-20 21:30:00,98.68080725369873
2024-01-20 21:35:00,106.36790228158331
2024-01-20 21:40:00,69.07113613440197
2024-01-20 21:45:00,97.10569475741147
2024-01-20 21:50:00,97.24356182492326
2024-01-20 21:55:00,101.395877683566
2024-01-20 22:00:00,98.2366667185428
2024-01-20 22:05:00,97.67985161753525
2024-01-20 22:10:00,96.78546116036811
2024-01-20 22:15:00,94.63250840096676
2024-01-20 22:20:00,100.97811425158457
2024-01-20 22:25:00,98.19366672490966
2024-01-20 22:30:00,97.36827544203835
2024-01-20 22:35:00,96.06710631658086
2024-01-20 22:40:00,93.41897893201683
2024-01-20 22:45:00,99.72033215821935
2024-01-20 22:50:00,104.90005854367749
2024-01-20 22:55:00,89.57144511886702
2024-01-20 23:00:00,92.53802562030484
2024-01-20 23:05:00,105.23869046349932
2024-01-20 23:10:00,92.72126045816042
2024-01-20 23:15:00,101.60415230467443
2024-01-20 23:20:00,102.32330575127071
2024-01-20 23:25:00,101.02711662213298
2024-01-20 23:30:00,98.38943145573806
2024-01-20 23:35:00,96.06547741630955
2024-01-20 23:40:00,100.55855096453236
2024-01-20 23:45:00,94.38853745665719
2024-01-20 23:50:00,97.64511156262233
2024-01-20 23:55:00,100.81980031165826
2024-01-21 00:00:00,95.90586245876051
2024-01-21 00:05:00,86.58235589051282
2024-01-21 00:10:00,88.13701516143115
2024-01-21 00:15:00,89.04260965553732
2024-01-21 00:20:00,88.13428571223315
2024-01-21 00:25:00,88.97523690524142
2024-01-21 00:30:00,88.55143733246953
2024-01-21 00:35:00,93.46170298642026
2024-01-21 00:40:00,91.8972543378042
2024-01-21 00:45:00,87.59317763381401
2024-01-21 00:50:00,89.36703032333955
2024-01-21 00:55:00,89.44982820112747
2024-01-21 01:00:00,91.14736846699785
2024-01-21 01:05:00,90.00193211977091
2024-01-21 01:10:00,90.70131715696733
2024-01-21 01:15:00,90.8126159826658
2024-01-21 01:20:00,92.88164511902595
2024-01-21 01:25:00,90.38402060459403
2024-01-21 01:30:00,91.2447374484522
2024-01-21 01:35:00,86.35121830404117
2024-01-21 01:40:00,90.61811955076332
2024-01-21 01:45:00,93.17381719892907
2024-01-21 01:50:00,53.15268463433635
2024-01-21 01:55:00,85.44020522953939
2024-01-21 02:00:00,87.1852475819614
2024-01-21 02:05:00,90.78230779294263
2024-01-21 02:10:00,92.40439090200282
2024-01-21 02:15:00,96.97022096861005
2024-01-21 02:20:00,87.54682336531837
2024-01-21 02:25:00,86.90215235052439
2024-01-21 02:30:00,82.89374532024944
2024-01-21 02:35:00,90.0901190314298
2024-01-21 02:40:00,90.80180158454571
2024-01-21 02:45:00,92.98066903923217
2024-01-21 02:50:00,91.0363059535812
2024-01-21 02:55:00,91.1787757068772
2024-01-21 03:00:00,84.25217473814695
2024-01-21 03:05:00,91.87726234966689
2024-01-21 03:10:00,88.87759498599176
2024-01-21 03:15:00,85.76074284335168
2024-01-21 03:20:00,91.54651757959958
2024-01-21 03:25:00,94.81075460350228
2024-01-21 03:30:00,91.43525406411905
2024-01-21 03:35:00,89.34255630399119
2024-01-21 03:40:00,93.58731317447612
2024-01-21 03:45:00,93.52007349000182
2024-01-21 03:50:00,90.88096801513665
2024-01-21 03:55:00,85.53608468840696
2024-01-21 04:00:00,86.10922871136597
2024-01-21 04:05:00,91.34142993474303
2024-01-21 04:10:00,88.88165943225766
2024-01-21 04:15:00,91.80580750421002
2024-01-21 04:20:00,98.04313387549857
2024-01-21 04:25:00,92.10106085390976
2024-01-21 04:30:00,89.31056307550918
2024-01-21 04:35:00,95.77885685838329
2024-01-21 04:40:00,94.39145022632371
2024-01-21 04:45:00,92.11940658551813
2024-01-21 04:50:00,54.870125214771896
2024-01-21 04:55:00,91.49912829050002
2024-01-21 05:00:00,91.79709017719861
2024-01-21 05:05:00,92.4037474396825
2024-01-21 05:10:00,94.32147466984817
2024-01-21 05:15:00,91.82597203434852
2024-01-21 05:20:00,89.21220099924666
2024-01-21 05:25:00,88.76810121129506
2024-01-21 05:30:00,88.93181392257068
2024-01-21 05:35:00,88.77166374645469
2024-01-21 05:40:00,88.86188101539543
2024-01-21 05:45:00,83.87022599419612
2024-01-21 05:50:00,88.7798767882893
2024-01-21 05:55:00,84.09398813690018
2024-01-21 06:00:00,107.2356947410295
2024-01-21 06:05:00,109.56876269400816
2024-01-21 06:10:00,112.92290613989117
2024-01-21 06:15:00,114.50059897250007
2024-01-21 06:20:00,109.00528672525303
2024-01-21 06:25:00,108.95544716887319
2024-01-21 06:30:00,106.19828666971488
2024-01-21 06:35:00,115.28122351042616
2024-01-21 06:40:00,107.73170661272081
2024-01-21 06:45:00,114.30038485901288
2024-01-21 06:50:00,113.88093350000213
2024-01-21 06:55:00,104.75665352404194
2024-01-21 07:00:00,108.82324625234723
2024-01-21 07:05:00,106.19585229272228
2024-01-21 07:10:00,114.23236803161207
2024-01-21 07:15:00,111.52142621401116
2024-01-21 07:20:00,115.93370477127905
2024-01-21 07:25:00,107.4533764703474
2024-01-21 07:30:00,122.10038669177973
2024-01-21 07:35:00,114.51488418946381
2024-01-21 07:40:00,117.84369507165918
2024-01-21 07:45:00,111.54117493173155
2024-01-21 07:50:00,104.76895757506927
2024-01-21 07:55:00,114.04861109864686
2024-01-21 08:00:00,143.78997498192615
2024-01-21 08:05:00,139.23475364797474
2024-01-21 08:10:00,137.63019683684314
2024-01-21 08:15:00,147.54820855001202
2024-01-21 08:20:00,139.72071429355705
2024-01-21 08:25:00,140.81667189024006
2024-01-21 08:30:00,66.63740818701928
2024-01-21 08:35:00,136.89302208407202
2024-01-21 08:40:00,140.24879705576922
2024-01-21 08:45:00,143.7269549414084
2024-01-21 08:50:00,141.94298581212192
2024-01-21 08:55:00,142.00397917214758
2024-01-21 09:00:00,139.54200477899266
2024-01-21 09:05:00,142.04347069758276
2024-01-21 09:10:00,137.14619088545473
2024-01-21 09:15:00,144.18729695228518
2024-01-21 09:20:00,134.15992339607652
2024-01-21 09:25:00,141.92614079229006
2024-01-21 09:30:00,136.16845499643463
2024-01-21 09:35:00,136.36724212169335
2024-01-21 09:40:00,142.0316211701966
2024-01-21 09:45:00,136.7675133309641
2024-01-21 09:50:00,138.5558756097241
2024-01-21 09:55:00,51.027221460654296
2024-01-21 10:00:00,146.32846161844654
2024-01-21 10:05:00,144.45875008170702
2024-01-21 10:10:00,137.87283378015738
2024-01-21 10:15:00,139.7329041740346
2024-01-21 10:20:00,138.6845838193208
2024-01-21 10:25:00,140.6129474986309
2024-01-21 10:30:00,143.95172727273638
2024-01-21 10:35:00,143.60726874228183
2024-01-21 10:40:00,143.71128912984813
2024-01-21 10:45:00,137.8299198236075
2024-01-21 10:50:00,141.827549463012
2024-01-21 10:55:00,141.29442348934202
2024-01-21 11:00:00,52.36325277067899
2024-01-21 11:05:00,141.48723902867866
2024-01-21 11:10:00,145.04801715102457
2024-01-21 11:15:00,137.30935343430187
2024-01-21 11:20:00,141.10255650060347
2024-01-21 11:25:00,141.97155412645276
2024-01-21 11:30:00,139.21262744975257
2024-01-21 11:35:00,148.83041869119202
2024-01-21 11:40:00,143.47411354626857
2024-01-21 11:45:00,139.98241013537572
2024-01-21 11:50:00,133.05556821175637
2024-01-21 11:55:00,141.25039873057088
2024-01-21 12:00:00,150.53362317734016
2024-01-21 12:05:00,54.603625577425156
2024-01-21 12:10:00,149.42351139160692
2024-01-21 12:15:00,144.32655710216346
2024-01-21 12:20:00,153.00497763727006
2024-01-21 12:25:00,151.33039907650806
2024-01-21 12:30:00,156.14110006670808
2024-01-21 12:35:00,148.04641793055217
2024-01-21 12:40:00,62.191625926072014
2024-01-21 12:45:00,145.7999763830833
2024-01-21 12:50:00,151.82254133277326
2024-01-21 12:55:00,154.39021788907525
2024-01-21 13:00:00,150.53903195430084
2024-01-21 13:05:00,150.9178615180126
2024-01-21 13:10:00,147.5795567748487
2024-01-21 13:15:00,157.74642291672043
2024-01-21 13:20:00,154.5239808624741
2024-01-21 13:25:00,152.24029280216837
2024-01-21 13:30:00,148.60308416756794
2024-01-21 13:35:00,148.31160284355485
2024-01-21 13:40:00,149.58671981105908
2024-01-21 13:45:00,152.07768133692306
2024-01-21 13:50:00,144.85626595042504
2024-01-21 13:55:00,152.10218113707563
2024-01-21 14:00:00,114.29174008916159
2024-01-21 14:05:00,119.16014400347353
2024-01-21 14:10:00,119.73349142874915
2024-01-21 14:15:00,116.78444629982636
2024-01-21 14:20:00,110.89726724393813
2024-01-21 14:25:00,122.93249896648902
2024-01-21 14:30:00,124.33235335664538
2024-01-21 14:35:00,113.95316818298001
2024-01-21 14:40:00,120.0054971444481
2024-01-21 14:45:00,120.07534981524142
2024-01-21 14:50:00,58.722941998314894
2024-01-21 14:55:00,121.47239939192995
2024-01-21 15:00:00,122.21058287656206
2024-01-21 15:05:00,123.78794699985055
2024-01-21 15:10:00,122.65742909945538
2024-01-21 15:15:00,115.87943808409327
2024-01-21 15:20:00,127.49248473527724
2024-01-21 15:25:00,119.39774590835731
2024-01-21 15:30:00,121.47519976730885
2024-01-21 15:35:00,124.57352161862914
2024-01-21 15:40:00,122.48721553717102
2024-01-21 15:45:00,111.06586698286638
2024-01-21 15:50:00,127.65738801615073
2024-01-21 15:55:00,120.33631512367262
2024-01-21 16:00:00,116.33919830245009
2024-01-21 16:05:00,119.79326478260825
2024-01-21 16:10:00,121.69875098787563
2024-01-21 16:15:00,120.86318139926571
2024-01-21 16:20:00,127.25258697887156
2024-01-21 16:25:00,118.11908230062015
2024-01-21 16:30:00,118.03913930625777
2024-01-21 16:35:00,117.69665054948923
2024-01-21 16:40:00,117.59664139648453
2024-01-21 16:45:00,118.84498614597125
2024-01-21 16:50:00,121.87403801655748
2024-01-21 16:55:00,118.81416074188218
2024-01-21 17:00:00,123.35487496635028
2024-01-21 17:05:00,113.93336746215755
2024-01-21 17:10:00,120.78588391980385
2024-01-21 17:15:00,125.14073549436135
2024-01-21 17:20:00,119.08408044557856
2024-01-21 17:25:00,113.73222560237832
2024-01-21 17:30:00,117.72754428670058
2024-01-21 17:35:00,125.8708341148561
2024-01-21 17:40:00,116.34073666022815
2024-01-21 17:45:00,127.17292233011972
2024-01-21 17:50:00,120.3663696202182
2024-01-21 17:55:00,116.18715079319588
2024-01-21 18:00:00,99.21218052330065
2024-01-21 18:05:00,96.63101550693533
2024-01-21 18:10:00,96.17520353159124
2024-01-21 18:15:00,99.53511628970668
2024-01-21 18:20:00,99.42663046353901
2024-01-21 18:25:00,99.12432323780902
2024-01-21 18:30:00,106.65262660955544
2024-01-21 18:35:00,61.23908285019738
2024-01-21 18:40:00,103.2033083915964
2024-01-21 18:45:00,103.46320377068781
2024-01-21 18:50:00,105.80775058394953
2024-01-21 18:55:00,94.0406391254045
2024-01-21 19:00:00,101.63373106587986
2024-01-21 19:05:00,104.6189967547281
2024-01-21 19:10:00,103.31069165439261
2024-01-21 19:15:00,95.67537797113593
2024-01-21 19:20:00,101.75890672775512
2024-01-21 19:25:00,103.52312296969164
2024-01-21 19:30:00,103.36433142595605
2024-01-21 19:35:00,92.02055702398818
2024-01-21 19:40:00,100.05516085401985
2024-01-21 19:45:00,100.63721877271756
2024-01-21 19:50:00,52.92309364548427
2024-01-21 19:55:00,101.5917208931626
2024-01-21 20:00:00,102.77887187133118
2024-01-21 20:05:00,97.25588630254789
2024-01-21 20:10:00,89.97856527000141
2024-01-21 20:15:00,103.26699794159295
2024-01-21 20:20:00,99.04203849635587
2024-01-21 20:25:00,103.15606736895897
2024-01-21 20:30:00,96.41523188629401
2024-01-21 20:35:00,100.70048761895637
2024-01-21 20:40:00,93.58676295808155
2024-01-21 20:45:00,98.93467016350388
2024-01-21 20:50:00,98.58924019157352
2024-01-21 20:55:00,63.91255490806049
2024-01-21 21:00:00,101.87467998565015
2024-01-21 21:05:00,103.50581724724891
2024-01-21 21:10:00,96.4297328701195
2024-01-21 21:15:00,105.66517012632991
2024-01-21 21:20:00,102.27680482612001
2024-01-21 21:25:00,97.45297726882855
2024-01-21 21:30:00,100.12684866906218
2024-01-21 21:35:00,97.2410884152242
2024-01-21 21:40:00,91.51887984869123
2024-01-21 21:45:00,95.04683452861295
2024-01-21 21:50:00,100.3050150811979
2024-01-21 21:55:00,100.34966152579403
2024-01-21 22:00:00,94.67341675373792
2024-01-21 22:05:00,100.50808415100076
2024-01-21 22:10:00,93.0226718867984
2024-01-21 22:15:00,103.93513689640727
2024-01-21 22:20:00,102.98674055477063
2024-01-21 22:25:00,93.13260204464021
2024-01-21 22:30:00,99.93766216607592
2024-01-21 22:35:00,103.8795961477367
2024-01-21 22:40:00,100.32654660133167
2024-01-21 22:45:00,100.66360614020888
2024-01-21 22:50:00,101.29335454423506
2024-01-21 22:55:00,90.60535382375977
2024-01-21 23:00:00,100.31317588235899
2024-01-21 23:05:00,55.20870466847005
2024-01-21 23:10:00,103.57104926764661
2024-01-21 23:15:00,101.43461451535485
2024-01-21 23:20:00,96.35792664892827
2024-01-21 23:25:00,101.70887494049278
2024-01-21 23:30:00,99.42098728530955
2024-01-21 23:35:00,96.99389581096814
2024-01-21 23:40:00,104.00410205495622
2024-01-21 23:45:00,97.27533907851964
2024-01-21 23:50:00,95.45725777931597
2024-01-21 23:55:00,104.23515084965435
2024-01-22 00:00:00,89.02120875140618
2024-01-22 00:05:00,92.4000050700202
2024-01-22 00:10:00,89.01655397392192
2024-01-22 00:15:00,86.67286331039897
2024-01-22 00:20:00,89.88440713881717
2024-01-22 00:25:00,94.96963024080061
2024-01-22 00:30:00,93.9491505536979
2024-01-22 00:35:00,89.80875402646879
2024-01-22 00:40:00,92.1685158843958
2024-01-22 00:45:00,55.64223212207195
2024-01-22 00:50:00,95.8727178854178
2024-01-22 00:55:00,88.92411331950449
2024-01-22 01:00:00,57.31401060390147
2024-01-22 01:05:00,95.42133455836426
2024-01-22 01:10:00,86.60137090905964
2024-01-22 01:15:00,95.44636654245926
2024-01-22 01:20:00,93.28270836138837
2024-01-22 01:25:00,90.07135135944324
2024-01-22 01:30:00,83.68957898656691
2024-01-22 01:35:00,89.28328491081494
2024-01-22 01:40:00,90.75750284146291
2024-01-22 01:45:00,86.00113628740507
2024-01-22 01:50:00,91.73998448349698
2024-01-22 01:55:00,91.77751574267826
2024-01-22 02:00:00,84.0063939969144
2024-01-22 02:05:00,94.6972296484405
2024-01-22 02:10:00,88.23407114437364
2024-01-22 02:15:00,56.49974819114172
2024-01-22 02:20:00,90.23530853181987
2024-01-22 02:25:00,87.6306111836698
2024-01-22 02:30:00,92.08542379005361
2024-01-22 02:35:00,68.44389677268741
2024-01-22 02:40:00,92.31261782260226
2024-01-22 02:45:00,89.59576928214774
2024-01-22 02:50:00,85.96427390660338
2024-01-22 02:55:00,88.63092233839605
2024-01-22 03:00:00,90.21914875932369
2024-01-22 03:05:00,92.7459113609823
2024-01-22 03:10:00,94.74388448289622
2024-01-22 03:15:00,88.80355767320019
2024-01-22 03:20:00,94.61345851645426
2024-01-22 03:25:00,96.05860798340785
2024-01-22 03:30:00,91.28337130793176
2024-01-22 03:35:00,90.40314218096933
2024-01-22 03:40:00,88.75459500870569
2024-01-22 03:45:00,55.67836581836778
2024-01-22 03:50:00,97.06111723797132
2024-01-22 03:55:00,86.76463095043233
2024-01-22 04:00:00,93.71009487931468
2024-01-22 04:05:00,94.14798393880369
2024-01-22 04:10:00,87.15486894130268
2024-01-22 04:15:00,94.7118529549697
2024-01-22 04:20:00,90.78979361431614
2024-01-22 04:25:00,90.081918748361
2024-01-22 04:30:00,91.63690410112338
2024-01-22 04:35:00,95.18090335145651
2024-01-22 04:40:00,91.0575744492595
2024-01-22 04:45:00,90.06299167041708
2024-01-22 04:50:00,87.61028642154945
2024-01-22 04:55:00,85.37829650371572
2024-01-22 05:00:00,90.20484203836826
2024-01-22 05:05:00,94.21978919223905
2024-01-22 05:10:00,93.63954914966392
2024-01-22 05:15:00,65.25413446446568
2024-01-22 05:20:00,59.10599695494687
2024-01-22 05:25:00,91.73089397094907
2024-01-22 05:30:00,91.7818962529598
2024-01-22 05:35:00,86.3970413052819
2024-01-22 05:40:00,87.8022925369624
2024-01-22 05:45:00,85.92884028505823
2024-01-22 05:50:00,89.60632800660711
2024-01-22 05:55:00,89.69799364573615
